ja-JP	de-DE	en-US	es-ES	fr-FR	it-IT	pt-PT	zh-HK	th-TH	tr-TR	zh-TW	ar-SA	pl-PL	el-GR	id-ID	sv-SE	ko-KR	hu-HU	cs-CZ	da-DK	fi-FI	ro-RO	no-NO	sk-SK	ru-RU	nl-BE	zh-CN	en-AU	en-IE	en-ZA	en-GB	es-MX	fr-CA	pt-BR	nl-NL	category
おはよう	Guten Morgen.	Good morning.	Buenos días.	Bonjour.	Buongiorno.	Bom dia.	早安。	สวัสดียามเช้า	Günaydın.	早安。	صباح الخير.	Dzień dobry.	Καλημέρα.	Selamat pagi.	God morgon.	안녕하세요. 	Jó reggelt!	Dobré ráno.	Godmorgen.	Hyvää huomenta.	Bună dimineaţa.	God morgen.	Dobré ráno.	Доброе утро.	Goedemorgen.	早上好。	Good morning.	Good morning.	Good morning.	Good morning.	Buenos días.	Bonjour.	Bom dia.	Goedemorgen.	Greeting
こんにちは	Guten Tag.	Good afternoon.	Buenas tardes.	Bonjour.	Buon pomeriggio.	Boa tarde.	午安。	สวัสดียามบ่าย	İyi öğlenler.	午安。	مساء الخير.	Dzień dobry.	Καλησπέρα.	Selamat siang.	God eftermiddag.	안녕하세요. 	Jó napot!	Dobré odpoledne.	God eftermiddag.	Hyvää iltapäivää.	Bună ziua.	God ettermiddag.	Dobrý deň.	Добрый день.	Goedemiddag.	下午好。	Good afternoon.	Good afternoon.	Good afternoon.	Good afternoon.	Buenas tardes.	Bonjour.	Boa tarde.	Goedemiddag.	Greeting
こんばんは	Guten Abend.	Good evening.	Buena noches.	Bonsoir.	Buonasera.	Boa noite.	晚安。	สวัสดียามเย็น	İyi akşamlar.	晚安。	مساء الخير.	Dobry wieczór.	Καληνύχτα.	Selamat malam.	God kväll.	안녕하세요. 	Jó estét!	Dobrý večer.	Godaften.	Hyvää iltaa.	Bună seara.	God aften.	Dobrý večer.	Добрый вечер.	Goedenavond.	晚上好。	Good evening.	Good evening.	Good evening.	Good evening.	Buena noches.	Bonsoir.	Boa noite.	Goedenavond.	Greeting
やあ	Hallo.	Hello.	Hola.	Salut.	Ciao.	Olá.	哈囉。	สวัสดี	Merhaba.	哈囉。	مرحبا.	Cześć.	Γεια.	Hai.	Hej.	안녕하세요. 	Szia!	Dobrý den.	Hej.	Hei.	Salut.	Hallo.	Ahoj.	Привет.	Hallo.	你好。	Hello.	Hello.	Hello.	Hello.	Hola.	Salut.	Olá.	Hallo.	Greeting
さようなら	Auf Wiedersehen.	Good bye.	Adiós.	Au revoir.	Arrivederci.	Adeus.	再見。	ลาก่อน	Hoşçakal.	再見。	وداعا.	Do widzenia.	Αντίο.	Selamat tinggal.	Hejdå.	안녕히 가세요.	Viszontlátásra!	Na shledanou.	Farvel.	Näkemiin.	La revedere.	Ha det.	Dovidenia.	До свидания.	Dag.	拜拜。	Good bye.	Good bye.	Good bye.	Good bye.	Adiós.	Au revoir.	Adeus.	Dag.	Greeting
またあとで	Bis später.	See you later.	Nos vemos más tarde.	À plus tard.	A dopo.	Até logo.	晚點見。	แล้วพบกันใหม่	Sonra görüşürüz.	晚點見。	أراك لاحقا.	Do zobaczenia później.	Τα λέμε αργότερα.	Sampai jumpa.	Vi ses senare.	나중에 봐요. 	Nemsokára találkozunk!	Tak zatím.	Vi ses senere.	Nähdään myöhemmin.	Ne vedem mai târziu.	Ser deg senere.	Uvidíme sa neskôr.	До скорой встречи.	Tot ziens.	再见。	See you later.	See you later.	See you later.	See you later.	Nos vemos más tarde.	À plus tard.	Até logo.	Tot ziens.	Greeting
ありがとう	Danke schön.	Thank you.	Gracias.	Merci.	Grazie.	Obrigado.	謝謝你。	ขอบคุณ	Teşekkürler.	謝謝你。	شكرا لك.	Dziękuję.	Ευχαριστώ.	Makasih.	Tack.	감사합니다. 	Köszönöm!	Děkuji.	Tak.	Kiitos.	Mulţumesc.	Takk.	Ďakujem.	Спасибо.	Dankjewel.	谢谢。	Thank you.	Thank you.	Thank you.	Thank you.	Gracias.	Merci.	Obrigado.	Dankjewel.	Life
どういたしまして	Gerne geschehen.	You're welcome.	De nada.	Je vous en prie.	Prego.	De nada.	不客氣。	ด้วยความยินดี	Rica ederim.	不客氣。	على الرحب والسعة.	Proszę bardzo.	Δεν κάνει τίποτα.	Sama-sama.	Ingen orsak.	천만에요. 	Szívesen.	Není zač.	Du er velkommen.	Ole hyvä.	Cu plăcere.	Bare hyggelig.	Nemáš za čo.	Всегда пожалуйста.	Graag gedaan.	不客气。	You're welcome.	You're welcome.	You're welcome.	You're welcome.	De nada.	Je vous en prie.	De nada.	Graag gedaan.	Life
いえ、けっこうです	Nein, danke.	No thank you.	No gracias.	Non merci.	No, grazie.	Não obrigado.	不了，謝謝你。	ไม่ ขอบคุณ	Hayır teşekkür ederim.	不了，謝謝你。	لا أشكرك.	Nie, dziękuję.	Όχι, ευχαριστώ.	Enggak, makasih.	Tack själv.	아닙니다, 괜찮습니다.	Nem, köszönöm.	Ne, děkuji.	Nej tak.	Ei kiitos.	Nu, mulţumesc.	Nei takk.	Nie, ďakujem.	Нет, спасибо.	Nee, dankjewel.	不了，谢谢。	No thank you.	No thank you.	No thank you.	No thank you.	No gracias.	Non merci.	Não obrigado.	Nee, dankjewel.	Life
おねがいします	Bitte.	Please.	Por favor.	S'il vous plaît.	Per favore.	Por favor.	請。	ได้โปรด	Lütfen.	請。	من فضلك.	Proszę.	Παρακαλώ.	Silakan.	Tack.	제발.	Kérem.	Prosím.	Venligst.	Ole hyvä.	Te rog.	Vær så snill.	Prosím.	Пожалуйста.	Alstublieft.	请。	Please.	Please.	Please.	Please.	Por favor.	S'il vous plaît.	Por favor.	Alstublieft.	Life
すみません	Entschuldigung.	Excuse me.	Discúlpeme.	Excusez-moi.	Scusami.	Com licença.	不好意思。	ขอโทษ	Afedersiniz.	不好意思。	عذرا.	Przepraszam.	Με συγχωρείτε.	Permisi.	Ursäkta mig.	실례합니다. 	Elnézést.	Omluvte mě.	Undskyld mig.	Anteeksi.	Scuză-mă.	Unnskyld.	Prepáčte.	Извините.	Neemt u mij niet kwalijk.	不好意思。	Excuse me.	Excuse me.	Excuse me.	Excuse me.	Discúlpeme.	Excusez-moi.	Com licença.	Neemt u mij niet kwalijk.	Life
ごめんなさい	Es tut mir leid.	I'm sorry.	Lo siento.	Je suis désolé.	Mi dispiace.	Desculpe.	我很抱歉。	ฉันเสียใจ	Üzgünüm.	我很抱歉。	أنا آسف.	Przykro mi.	Λυπάμαι.	Maaf.	Förlåt.	미안합니다.	Sajnálom.	Promiňte.	Jeg beklager.	Olen pahoillani.	Îmi pare rău.	Jeg beklager.	Je mi to ľúto.	Мне жаль.	Het spijt me.	抱歉。	I'm sorry.	I'm sorry.	I'm sorry.	I'm sorry.	Lo siento.	Je suis désolé.	Desculpe.	Het spijt me.	Life
はい	Ja.	Yes.	Sí.	Oui.	Sì.	Sim.	是的。	ใช่	Evet.	是的。	نعم.	Tak.	Ναι.	Ya.	Ja.	네. 	Igen.	Ano.	Ja.	Kyllä.	Da.	Ja.	Áno.	Да.	Ja.	是。	Yes.	Yes.	Yes.	Yes.	Sí.	Oui.	Sim.	Ja.	Life
いいえ	Nein.	No.	No.	Non.	No.	Não.	不是。	ไม่	Hayır.	不是。	لا.	Nie.	Όχι.	Enggak.	Nej.	아니오. 	Nem.	Ne.	Nej.	Ei.	Nu.	Nei.	Nie.	Нет.	Nee.	不是。	No.	No.	No.	No.	No.	Non.	Não.	Nee.	Life
わかりません	Ich weiß nicht.	I don't know.	No lo sé.	Je ne sais pas.	Non lo so.	Não sei.	我不知道。	ไม่ทราบ	Bilmiyorum.	我不知道。	لست أدري.	Nie wiem.	Δεν ξέρω.	Enggak tau.	Jag vet inte.	모르겠습니다.	Nem tudom.	Nevím.	Det ved jeg ikke.	En tiedä.	Nu ştiu.	Jeg vet ikke.	Neviem.	Я не знаю.	Ik weet het niet.	我不知道。	I don't know.	I don't know.	I don't know.	I don't know.	No lo sé.	Je ne sais pas.	Não sei.	Ik weet het niet.	Life
ぜろ:いち:に:さん:し:ご:ろく:しち:はち:きゅう:じゅう	null:eins:zwei:drei:vier:fünf:sechs:sieben:acht:neun:zehn	zero:one:two:three:four:five:six:seven:eight:nine:ten	cero:uno:dos:tres:cuatro:cinco:seis:siete:ocho:nueve:diez	zéro:un:deux:trois:quatre:cinq:six:sept:huit:neuf:dix	zero:uno:due:tre:quattro:cinque:sei:sette:otto:nove:dieci	zero:um:dois:três:quatro:cinco:seis:sete:oito:nove:dez	零:一:二:三:四:五:六:七:八:九:十	ศูนย์:หนึ่ง:สอง:สาม:สี่:ห้า:หก:เจ็ด:แปด:เก้า:สิบ	sıfır:bir:iki:üç:dört:beş:altı:yedi:sekiz:dokuz:on	零:一:二:三:四:五:六:七:八:九:十	صفر:واحد:اثنان:ثلاثة:أربعة:خمسة:ستة:سبعة:ثمانية:تسعة:عشرة	zero:jeden:dwa:trzy:cztery:pięć:sześć:siedem:osiem:dziewięć:dziesięć	μηδέν:ένα:δύο:τρία:τέσσερα:πέντε:έξι:επτά:οκτώ:εννέα:δέκα	nol:satu:dua:tiga:empat:lima:enam:tujuh:delapan:sembilan:sepuluh	noll:ett:två:tre:fyra:fem:sex:sju:åtta:nio:tio	영:하나:둘:셋:넷:다섯:여섯:일곱:여덟:아홉:열 	nulla:egy:kettő:három:négy:öt:hat:hét:nyolc:kilenc:tíz	nula:jedna:dva:tři:čtyři:pět:šest:sedm:osm:devět:deset	nul:et:to:tre:fire:fem:seks:syv:otte:ni:ti	nolla:yksi:kaksi:kolme:neljä:viisi:kuusi:seitsemän:kahdeksan:yhdeksän:kymmenen	zero:unu:doi:trei:patru:cinci:şase:şapte:opt:nouă:zece	null:en:to:tre:fire:fem:seks:syv:åtte:ni:ti	jeden:dva:tri:štyri:päť:šesť:sedem:osem:deväť:desať	ноль:один:два:три:четыре:пять:шесть:семь:восемь:девять:десять	nul:een:twee:drie:vier:vijf:zes:zeven:acht:negen:tien	零:一:二:三:四:五:六:七:八:九:十	zero:one:two:three:four:five:six:seven:eight:nine:ten	zero:one:two:three:four:five:six:seven:eight:nine:ten	zero:one:two:three:four:five:six:seven:eight:nine:ten	zero:one:two:three:four:five:six:seven:eight:nine:ten	cero:uno:dos:tres:cuatro:cinco:seis:siete:ocho:nueve:diez	zéro:un:deux:trois:quatre:cinq:six:sept:huit:neuf:dix	zero:um:dois:três:quatro:cinco:seis:sete:oito:nove:dez	nul:een:twee:drie:vier:vijf:zes:zeven:acht:negen:tien	Number
じゅういち:じゅうに:じゅうさん:じゅうし:じゅうご:じゅうろく:じゅうしち:じゅうはち:じゅうきゅう	elf:zwölf:dreizehn:vierzehn:fünfzehn:sechszehn:siebzehn:achtzehn:neunzehn	eleven:twelve:thirteen:fourteen:fifteen:sixteen:seventeen:eighteen:nineteen	once:doce:trece:catorce:quince:dieciséis:diecisiete:dieciocho:diecinueve	onze:douze:treize:quatorze:quinze:seize:dix-sept:dix-huit:dix-neuf	undici:dodici:tredici:quattordici:quindici	onze:doze:treze:catorze:quinze:dezasseis:dezassete:dezoito:dezanove	十一:十二:十三:十四:十五:十六:十七:十八:十九	สิบเอ็ด:สิบสอง:สิบสาม:สิบสี่:สิบห้า:สิบหก:สิบเจ็ด:สิบแปด:สิบเก้า	on bir:on iki:on üç:on dört:on beş:on altı:on yedi:on sekiz:on dokuz	十一:十二:十三:十四:十五:十六:十七:十八:十九	أحد عشرة:اثنا عشرة:ثلاث عشرة:أربع عشرة:خمس عشرة:ست عشرة:سبع عشرة:ثمان عشرة:تسع عشرة	jedenaście:dwanaście:trzynaście:czternaście:piętnaście:szesnaście:siedemnaście:osiemnaście:dziewiętnaście	έντεκα:δώδεκα:δεκατρία:δεκατέσσερα:δεκαπέντε:δεκαέξι:δεκαεπτά:δεκαοκτώ:δεκαεννέα	sebelas:dua belas:tiga belas:empat belas:lima belas:enam belas:tujuh belas,delapan belas:sembilan belas	elva:tolv:tretton:fjorton:femton:sexton:sjutton:arton:nitton	열하나:열둘:열셋:열넷:열다섯:열여섯:열일곱:열여덟:열아홉	tizenegy:tizenkettő:tizenhárom:tizennégy:tizenöt:tizenhat:tizenhét:tizennyolc:tizenkilenc	jedenáct:dvanáct:třináct:čtrnáct:patnáct:šestnáct:sedmnáct:osmnáct:devatenáct	elleve:tolv:tretten:fjorten:femten:seksten:sytten:atten:nitten	yksitoista:kaksitoista:kolmetoista:neljätoista:viisitoista:kuusitoista:seitsemäntoista:kahdeksantoista:yhdeksäntoista	unsprezece:doisprezece:treisprezece:paisprezece:cincisprezece:şaisprezece:şaptesprezece:optsprezece:nouăsprezece	elleve:tolv:tretten:fjorten:femten:seksten:sytten:atten:nitten	jedenásť:dvanásť:trinásť:štrnásť:pätnásť:šestnásť:sedemnásť:osemnásť:devätnásť	одиннадцать:двенадцать:тринадцать:четырнадцать:пятнадцать:шестнадцать:семнадцать:восемнадцать:девятнадцать	elf:twaalf:dertien:veertien:vijftien:zestien:zeventien:achttien:negentien	十一:十二:十三:十四:十五:十六:十七:十八:十九	eleven:twelve:thirteen:fourteen:fifteen:sixteen:seventeen:eighteen:nineteen	eleven:twelve:thirteen:fourteen:fifteen:sixteen:seventeen:eighteen:nineteen	eleven:twelve:thirteen:fourteen:fifteen:sixteen:seventeen:eighteen:nineteen	eleven:twelve:thirteen:fourteen:fifteen:sixteen:seventeen:eighteen:nineteen	once:doce:trece:catorce:quince:dieciséis:diecisiete:dieciocho:diecinueve	onze:douze:treize:quatorze:quinze:seize:dix-sept:dix-huit:dix-neuf	onze:doze:treze:catorze:quinze:dezasseis:dezassete:dezoito:dezanove	elf:twaalf:dertien:veertien:vijftien:zestien:zeventien:achttien:negentien	Number
にじゅう:さんじゅう:よんじゅう:ごじゅう:ろくじゅう:ななじゅう:はちじゅう:きゅうじゅう	zwanzig:dreißig:vierzig:fünfzig:sechzig:siebzig:achtzig:neunzig	twenty:thirty:forty:fifty:sixty:seventy:eighty:ninety	veinte:treinta:cuarenta:cincuenta:sesenta:setenta:ochenta:noventa	vingt:trente:quarante:cinquante:soixante:soixante-dix:quatre-vingts:quatre-vingt-dix	venti:trenta:quaranta:cinquanta:sessanta:settanta:ottanta:novanta	vinte:trinta:quarenta:cinquenta:sessenta:setenta:oitenta:noventa	二十:三十:四十:五十:六十:七十:八十:九十	ยี่สิบ:สามสิบ:สี่สิบ:ห้าสิบ:หกสิิบ:เจ็ดสิบ:แปดสิบ:เก้าสิบ	yirmi:otuz:kırk:elli:altmış:yetmiş:seksen:doksan	二十:三十:四十:五十:六十:七十:八十:九十	عشرون:ثلاثون:أربعون:خمسون:ستون:سبعون:ثمانون:تسعون	dwadzieścia:trzydzieści:czterdzieści:pięćdziesiąt:sześćdziesiąt:siedemdziesiąt:osiemdziesiąt:dziewięćdziesiąt	είκοσι:τριάντα:σαράντα:πενήντα:εξήντα:εβδομήντα:ογδόντα:ενενήντα	dua puluh:tiga puluh:empat puluh:lima puluh:enam puluh:tujuh puluh:delapan puluh:sembilan puluh	tjugo:trettio:fyrtio:femtio:sextio:sjuttio:åttio:nittio	이십:삼십:사십:오십:육십:칠십:팔십:구십 	húsz:harminc:negyven:ötven:hatvan:hetven:nyolcvan:kilencven	dvacet:třicet:čtyřicet:padesát:šedesát:sedmdesát:osmdesát:devadesát	tyve:tredive:fyrre:halvtreds:tres:halvfjerds:firs:halvfems	kaksikymmentä:kolmekymmentä:neljäkymmentä:viisikymmentä:kuusikymmentä:seitsemänkymmentä:kahdeksankymmentä:yhdeksänkymmentä	douăzeci:treizeci:patruzeci:cincizeci:şaizeci:şaptezeci:optzeci:nouăzeci	tjue:tretti:førti:femti:seksti:sytti:åtti:nitti	dvadsať:tridsať:štyridsať:päťdesiat:šesťdesiat:sedemdesiat:osemdesiat:deväťdesiat	двадцать:тридцать:сорок:пятьдесят:шестьдесят:семьдесят:восемьдесят:девяносто	twintig:dertig:veertig:vijftig:zestig:zeventig:tachtig:negentig	二十:三十:四十:五十:六十:七十:八十:九十	twenty:thirty:forty:fifty:sixty:seventy:eighty:ninety	twenty:thirty:forty:fifty:sixty:seventy:eighty:ninety	twenty:thirty:forty:fifty:sixty:seventy:eighty:ninety	twenty:thirty:forty:fifty:sixty:seventy:eighty:ninety	veinte:treinta:cuarenta:cincuenta:sesenta:setenta:ochenta:noventa	vingt:trente:quarante:cinquante:soixante:soixante-dix:quatre-vingts:quatre-vingt-dix	vinte:trinta:quarenta:cinquenta:sessenta:setenta:oitenta:noventa	twintig:dertig:veertig:vijftig:zestig:zeventig:tachtig:negentig	Number
ひゃく:せん:いちまん:じゅうまん:ひゃくまん	einhundert:eintausend:zehntausend:einhunderttausend:eine Million	one hundred:one thousand:ten thousand:one hundred thousand:one million	cien:mil:diez mil:cien mil:un millón	cent:mille:dix mille:cent mille:un million	cento:mille:diecimila:centomila:un milione	cem:mil:dez mil:cem mil:um milhão	一百:一千:一萬:十萬:百萬	หนึ่งร้อย:หนึ่งพัน:หนึ่งหมื่น:หนึ่งแสน:หนึ่งล้าน	yüz:bin:on bin:yüz bin:bir milyon	一百:一千:一萬:十萬:百萬	مائة:ألف:عشرة آلاف:مائة ألف:مليون	sto:tysiąc:dziesięć tysięcy:sto tysięcy:milion	εκατό:χίλια:δέκα χιλιάδες:εκατό χιλιάδες:ένα εκατομμύριο	seratus:seribu:sepuluh ribu:seratus ribu:sejuta	ett hundra:ett tusen:tiotusen:hundratusen:en miljon	백:천:만:십만:백만 	száz:ezer:tízezer:százezer:egy millió	jedno sto:jeden tisíc:deset tisíc:sto tisíc:jeden milion	et hundrede:et tusinde:et hundrede tusinde:en million	sata:tuhat:kymmenen tuhatta:sata tuhatta:miljoona	o sută:o mie:zece mii:o sută de mii:un milion	hundre:tusen:ti tusen:hundre tusen:en million	sto:tisíc:desaťtisíc:stotisíc:milión	сто:тысяча:десять тысяч:сто тысяч:миллион:	honderd:duizend:tienduizend:honderdduizend:miljoen	一百:一千:一万:十万:一百万	one hundred:one thousand:ten thousand:one hundred thousand:one million	one hundred:one thousand:ten thousand:one hundred thousand:one million	one hundred:one thousand:ten thousand:one hundred thousand:one million	one hundred:one thousand:ten thousand:one hundred thousand:one million	cien:mil:diez mil:cien mil:un millón	cent:mille:dix mille:cent mille:un million	cem:mil:dez mil:cem mil:um milhão	honderd:duizend:tienduizend:honderdduizend:miljoen	Number
はじめまして	Freut mich, Sie kennenzulernen.	Nice to meet you.	Encantada de conocerte.	Ravi de faire votre connaissance.	Piacere di conoscerti.	Muito prazer.	很高興見到你。	ยินดีที่ได้พบคุณ	Tanıştığımıza memnun oldum.	很高興見到你。	تشرفت بمقابلتك.	Miło cię poznać.	Χαίρω πολύ.	Senang ketemu kamu.	Trevligt att träffas.	만나서 반가워요. 	Örülök, hogy megismertem.	Těší mě.	Rart at møde dig.	Mukava tavata.	Mi-a făcut plăcere să te cunosc.	Hyggelig å treffe deg.	Veľmi ma teší.	Приятно познакомиться.	Leuk om je te ontmoeten.	很高兴认识你。	Nice to meet you.	Nice to meet you.	Nice to meet you.	Nice to meet you.	Encantada de conocerte.	Ravi de faire votre connaissance.	Muito prazer.	Leuk om je te ontmoeten.	Communication
%countryからきました	Ich komme aus %country.	I'm from %country.	Soy de los %country.	Je viens des %country.	Sono %country.	Sou dos %country.	我從%country來。	ผมมาจาก%country	Ben %country'danım.	我從%country來。	أنا من %country.	Jestem z %country.	Είμαι από την %country.	Saya dari %country.	Jag är från %country.	나는 %country에서 왔어요. 	%country ból jöttem.	Jsem z %country.	Jeg er fra %country.	Olen %country.	Sunt din %country.	Jeg er fra %country.	Pochádzam z %country.	Я из %country.	Ik kom uit %place.	我来%country国。	I'm from %country.	I'm from %country.	I'm from %country.	I'm from %country.	Soy de los %country.	Je viens des %country.	Sou dos %country.	Ik kom uit %country.	Communication
わたしのなまえは、マイクです	Mein Name ist Mike.	My name is Mike.	Mi nombre es Mike.	Mon nom est Mike.	Mi chiamo Mike.	Chamo-me Mike.	我叫麥克。	ผมชื่อว่าไมค์	Benim adım Mike.	我叫麥克。	أدعى مايك.	Nazywam się Mike.	Ονομάζομαι Μάικ.	Nama saya Mike.	Jag heter Mike.	내 이름은 마이크입니다. 	A nevem Mike.	Jmenuji se Mike.	Mit navn er Mike.	Minun nimeni on Mike.	Mă cheamă Mike.	Mitt navn er Mike.	Volám sa Michal.	Меня зовут Майк.	Mijn naam is Mike.	我叫迈克。	My name is Mike.	My name is Mike.	My name is Mike.	My name is Mike.	Mi nombre es Mike.	Mon nom est Mike.	Chamo-me Mike.	Mijn naam is Mike.	Communication
あなたのなまえは、なんですか?	Wie heißen Sie?	What's your name?	¿como te llamas?	Quel est votre nom ?	Come ti chiami?	Como se chama?	你叫什麼名字？	คุณชื่ออะไร	Senin adın ne?	你叫什麼名字？	ما اسمك؟	Jak masz na imię?	Πώς ονομάζεστε;	Siapa namamu?	Vad heter du?	당신의 이름은 무엇입니까? 	Téged hogy hívnak?	Jak se jmenujete?	Hvad hedder du?	Mikä sinun nimesi on?	Cum te numeşti?	Hva heter du?	Ako sa voláš?	Как вас зовут?	Wat is uw naam?	你叫什么名字?	What's your name?	What's your name?	What's your name?	What's your name?	¿como te llamas?	Quel est votre nom ?	Como se chama?	Wat is uw naam?	Communication
おげんきですか?	Wie geht es Ihnen?	How are you?	¿Cómo estás?	Comment allez-vous ?	Come stai?	Como está?	你好嗎？	คุณเป็นอย่างไรบ้าง	Nasılsın?	你好嗎？	كيف حالك؟	Jak się masz?	Τι κάνετε;	Bagaimana keadaanmu?	Hur står det till?	어떻게 지내세요? 	Hogy vagy?	Jak se máte?	Hvordan har du det?	Mitä kuuluu?	Cum îţi merge?	Hvordan går det?	Ako sa máš?	Как дела?	Hoe gaat het met u?	你最近好吗？	How are you?	How are you?	How are you?	How are you?	¿Cómo estás?	Comment allez-vous ?	Como está?	Hoe gaat het met u?	Communication
げんきです	Mir geht es gut.	I'm fine.	Estoy bien.	Je vais bien.	Sto bene.	Bem, muito obrigado.	我很好。	ฉันสบายดี	İyiyim.	我很好。	أنا جيد.	W porządku.	Είμαι καλά.	Saya baik-baik saja.	Bra, tack.	난 괜찮아요. 	Jól vagyok.	Mám se dobře.	Jeg har det fint.	Kiitos, hyvää.	Sunt bine.	Jeg har det bra.	Mám sa dobre.	У меня все хорошо.	Het gaat prima.	我很好。	I'm fine.	I'm fine.	I'm fine.	I'm fine.	Estoy bien.	Je vais bien.	Bem, muito obrigado.	Het gaat prima.	Communication
%languageをはなせますか?	Sprechen Sie %language?	Do you speak %language?	¿Hablas %language?	Parlez-vous %language ?	Parli %language?	Fala %language?	你會說%language嗎？	คุณพูด%languageได้ไหม	%language konuşur musun?	你會說%language嗎？	هل تتحدث %language؟	Znasz %language?	Μιλάτε %language;	Kamu bisa bahasa %language?	Talar du %language?	%language 할 줄 아세요? 	Beszélsz %language?	Mluvíte %language?	Snakker du %language?	Puhutko %language?	Vorbeşti %language?	Snakker du %language?	Hovoríš po %language?	Вы говорите по-%language?	Spreekt u %language?	你会说%language吗？	Do you speak %language?	Do you speak %language?	Do you speak %language?	Do you speak %language?	¿Hablas %language?	Parlez-vous %language ?	Fala %language?	Spreekt u %language?	Communication
わたしは、%languageをはなせません	Ich spreche kein %language.	I don't speak %language.	No hablo %language.	Je ne parle pas %language.	Non parlo %language.	Eu não falo %language.	我不會說%language。	ฉันไม่พูด%language	%language konuşmam.	我不會說%language。	لا أتحدث %language.	Nie znam %language.	Δε μιλάω %language.	Saya enggak bisa bahasa %language.	Jag talar inte %language.	나는 %language 잘 못해요. 	Nem beszélek %language.	Nemluvím %language.	jeg snakker ikke %language.	En puhu %language.	Nu vorbesc %language.	Jeg snakker ikke %language.	Nehovorím po %language.	Я не говорю по-%language.	Ik spreek geen %language.	我不会说%language。	I don't speak %language.	I don't speak %language.	I don't speak %language.	I don't speak %language.	No hablo %language.	Je ne parle pas %language.	Eu não falo %language.	Ik spreek geen %language.	Communication
おいくつですか?	Wie alt sind Sie?	How young are you?	¿Cuántos años tienes?	Quel âge avez-vous ?	Quanti anni hai?	Que idade tem?	你幾歲？	คุณอายุเท่าไหร่	Kaç yaşındasın?	你幾歲？	كم عمرك؟	Ile masz lat?	Πόσο χρονών είστε;	Berapa umurmu?	Hur gammal är du?	몇 살이세요?	Hány éves vagy?	Kolik je vám let?	Hvor gammel er du?	Kuinka vanha olet?	Câţi ani ai?	Hvor gammel er du?	Koľko máš rokov?	Сколько вам лет?	Hoe oud bent u?	你年龄多大？	How young are you?	How young are you?	How young are you?	How young are you?	¿Cuántos años tienes?	Quel âge avez-vous ?	Que idade tem?	Hoe oud bent u?	Communication
あなたは、かわいいですね	Sie sind süß.	You are cute.	Eres lindo.	Vous êtes mignon / mignonne.	Sei carino.	É gira.	你好可愛。	คุณน่ารัก	Sevimlisin.	你好可愛。	أنت لطيف.	Jesteś urocza.	Είστε χαριτωμένος.	Kamu cantik.	Du är söt.	당신은 귀여워요.	Aranyos vagy.	Jste hezká.	Du er sød.	Olet söpö.	Eşti drăguţ.	Du er søt.	Si milá.	Вы очень красивы.	Je bent mooi.	你好可爱。	You are cute.	You are cute.	You are cute.	You are cute.	Eres lindo.	Vous êtes mignon / mignonne.	É gira.	Je bent mooi.	Communication
あなたは、カッコいいですね	Sie sehen gut aus.	You are handsome.	Eres guapo.	Vous êtes beau / belle.	Sei bellissimo.	É bonita.	你好帥。	คุณหล่อ	Yakışıklısın.	你好帥。	أنت وسيم.	Jesteś przystojny.	Είστε όμορφος.	Kamu ganteng.	Du är snygg.	당신은 잘생겼어요.	Jóképű vagy. / Csinos vagy.	Jste hezký.	Du er pæn.	Olet komea.	Eşti frumos.	Du er kjekk.	Si krásna.	Вы отлично выглядите.	Je bent knap.	你好帅。	You are handsome.	You are handsome.	You are handsome.	You are handsome.	Eres guapo.	Vous êtes beau / belle.	É bonita.	Je bent knap.	Communication
しゃしんをとって、いただけないでしょうか?	Würden Sie ein Foto von mir machen?	Could you take a picture of me?	¿Me tomarías una foto?	Pouvez-vous prendre une photo de moi ?	Potresti farmi una foto?	Quer uma foto minha?	可以幫我拍張照嗎？	คุณช่วยถ่ายรูปให้ฉันหน่อยได้ไหม	Bir fotoğrafımı çeker misin?	可以幫我拍張照嗎？	هل تود أخذ صورة لي؟	Zrobisz mi zdjęcie?	Θα με βγάλετε μια φωτογραφία;	Mau foto bareng?	Kan du ta en bild på mig?	제 사진 좀 찍어주시겠어요?	Csinálnál rólam egy képet?	Nechcete si mě vyfotografovat?	Vil du tage et billede af mig?	Ottaisitko minusta kuvan?	Poţi să-mi faci o poză?	Kan du ta et bilde av meg?	Odfotil by si ma, prosím?	Вы меня сфотографируете?	Zou u een foto van mij willen maken?	能给我照张照片吗？	Could you take a picture of me?	Could you take a picture of me?	Could you take a picture of me?	Could you take a picture of me?	¿Me tomarías una foto?	Pouvez-vous prendre une photo de moi ?	Quer uma foto minha?	Zou u een foto van mij willen maken?	Communication
いっしょに、しゃしんをとりませんか?	Darf ich ein Foto von Ihnen machen?	Could I take a picture with you?	¿Puedo tomarme una foto contigo?	Puis-je prendre une photo avez vous ?	Posso farmi una foto con te?	Podemos tirar uma foto os dois?	你願意和我們共進晚餐嗎？	ฉันขอถ่ายรูปกับคุณได้ไหม	Seninle bir fotoğraf çekebilir miyim?	你願意和我們共進晚餐嗎？	هل يمكنني أخذ صورة معك؟	Czy mogę zrobić sobie z tobą zdjęcie?	Μπορώ να βγάλω μια φωτογραφία μαζί σας;	Boleh saya foto kamu?	Kan jag ta en bild med dig?	당신과 같이 사진 찍어도 될까요?	Csinálhatok veled egy képet?	Mohu se s vámi vyfotografovat?	Må jeg tage et billede af dig?	Saanko ottaa meistä kahdesta kuvan?	Pot să-ţi fac o poză?	Kan jeg ta et bilde med deg?	Môžem sa s tebou odfotiť?	Можно с вами сфотографироваться?	Zou ik een foto met u mogen maken?	我能与你合照吗？	Could I take a picture with you?	Could I take a picture with you?	Could I take a picture with you?	Could I take a picture with you?	¿Puedo tomarme una foto contigo?	Puis-je prendre une photo avez vous ?	Podemos tirar uma foto os dois?	Zou ik een foto met u mogen maken?	Communication
いっしょに、おしょくじしませんか?	Möchten Sie mit uns zu Abend essen?	Would you like to have dinner with us?	¿Le gustaría cenar con nosotros?	Voulez-vous dîner avec nous ?	Ti andrebbe di cenare con noi?	Quer jantar connosco?	可以告訴我你的電話號碼嗎？	คุณอยากไปทานอาหารเย็นกับพวกเราไหม	Bizimle akşam yemeğini yemek ister misin?	可以告訴我你的電話號碼嗎？	هل تود تناول العشاء معنا؟	Czy chcesz zjeść z nami obiad?	Θα θέλατε να έρθετε για φαγητό μαζί μας;	Kamu mau makan malam bareng kita?	Skulle du vilja äta middag med oss?	우리와 함께 저녁 식사를 하시겠습니까? 	Nem jönnél el velünk vacsorázni?	Nechcete si s námi dát večeři?	Kunne du tænke dig at spise sammen med os?	Haluaisitko syödä päivällistä kanssamme?	Vrei să iei cina cu noi?	Vil du ha middag med oss?	Chceš sa s nami navečerať?	Вы хотите с нами пообедать?	Zou u met ons willen gaan eten?	你要和我们一起吃晚饭吗？	Would you like to have dinner with us?	Would you like to have dinner with us?	Would you like to have dinner with us?	Would you like to have dinner with us?	¿Le gustaría cenar con nosotros?	Voulez-vous dîner avec nous ?	Quer jantar connosco?	Zou u met ons willen gaan eten?	Communication
でんわばんごうをおしえてください	Würden Sie mir Ihre Telefonnummer geben?	Could you tell me your phone number?	¿Me dirías tu número de teléfono?	Pouvez-vous me donner votre numéro de téléphone ?	Mi daresti il tuo numero di telefono?	Posso saber o seu número de telefone?	什麼？	ฉันขอหมายเลขโทรศัพท์ของคุณได้ไหม	Bana telefon numaranı söyler misin?	什麼？	هل يمكنك أن تخبرني برقم هاتفك؟	Jaki jest twój numer telefonu?	Θα μου πείτε το τηλέφωνό σας;	Boleh minta nomormu?	Skulle jag kunna få ditt telefonnummer?	저에게 당신의 전화 번호를 알려 주시겠습니까? 	Megadnád a számod?	Řeknete mi své telefonní číslo?	Må jeg få dit telefon nummer?	Kertoisitko minulle puhelinnumerosi?	Vrei să-mi dai numărul tău de telefon?	Kan du gi meg telefonnummeret ditt?	Povieš mi tvoje telefónne číslo?	Скажете мне свой номер телефона?	Zou ik uw telefoonnummer mogen hebben?	能告诉我你的电话号码吗？	Could you tell me your phone number?	Could you tell me your phone number?	Could you tell me your phone number?	Could you tell me your phone number?	¿Me dirías tu número de teléfono?	Pouvez-vous me donner votre numéro de téléphone ?	Posso saber o seu número de telefone?	Zou ik uw telefoonnummer mogen hebben?	Communication
なに?	Was?	What?	¿Qué?	Quoi ?	Cosa?	O quê?	哪裡？	อะไร	Ne?	哪裡？	ماذا؟	Co?	Τι;	Apa?	Vad?	뭐라고?	Mi?	Co?	Hvad?	Mitä?	Ce?	Hva?	Čo?	Что?	Wat?	什么?	What?	What?	What?	What?	¿Qué?	Quoi ?	O quê?	Wat?	Question
どこ?	Wo?	Where?	¿Dónde?	Où ?	Dove?	Onde?	誰？	ที่ไหน	Nerede?	誰？	أين؟	Gdzie?	Πού;	Di mana?	Var?	어디? 	Hol?	Kde?	Hvor?	Missä?	Unde?	Hvor?	Kde?	Где?	Waar?	哪儿？	Where?	Where?	Where?	Where?	¿Dónde?	Où ?	Onde?	Waar?	Question
だれ?	Wer?	Who?	¿Quién?	Qui ?	Chi?	Quem?	哪個？	ใคร	Kim?	哪個？	من؟	Kto?	Ποιος;	Siapa?	Vem?	누구? 	Ki?	Kdo?	Hvem?	Kuka?	Cine?	Hvem?	Kto?	Кто?	Wie?	谁？	Who?	Who?	Who?	Who?	¿Quién?	Qui ?	Quem?	Wie?	Question
どれ?	Welche?	Which?	¿Qué?	Lequel ?	Quale?	Qual?	如何？	อันไหน	Hangisi?	如何？	من؟	Który?	Ποιο;	Yang mana?	Vilken?	어느 것? 	Melyik?	Který?	Hvilken?	Kumpi?	Care?	Hvilken?	Ktorý?	Который?	Welke?	哪个？	Which?	Which?	Which?	Which?	¿Qué?	Lequel ?	Qual?	Welke?	Question
どのように?	Wie?	How?	¿Cómo?	Comment ?	Come?	Como?	何時？	อย่างไร	Nasıl?	何時？	كيف؟	Jak?	Πώς;	Gimana?	Hur?	어떻게? 	Hogyan?	Jak?	Hvordan?	Kuinka?	Cum?	Hvordan?	Ako?	Как?	Hoe?	怎么样？	How?	How?	How?	How?	¿Cómo?	Comment ?	Como?	Hoe?	Question
いつ?	Wann?	When?	¿Cuándo?	Quand ?	Quando?	Quando?	為什麼？	เมื่อไหร่	Ne zaman?	為什麼？	متى؟	Kiedy?	Πότε;	Kapan?	När?	언제?	Mikor?	Kdy?	Hvornår?	Milloin?	Când?	Når?	Kedy?	Когда?	Wanneer?	什么时候？	When?	When?	When?	When?	¿Cuándo?	Quand ?	Quando?	Wanneer?	Question
なぜ?	Warum?	Why?	¿Por qué?	Pourquoi ?	Perché?	Porquê?	浴室在哪裡？	ทำไม	Neden?	浴室在哪裡？	لماذا؟	Dlaczego?	Γιατί;	Kenapa?	Varför?	왜? 	Miért?	Proč?	Hvorfor?	Miksi?	De ce?	Hvorfor?	Prečo?	Почему?	Waarom?	为什么？	Why?	Why?	Why?	Why?	¿Por qué?	Pourquoi ?	Porquê?	Waarom?	Question
%placeは、どこですか?	Wo ist die %place?	Where is %place?	¿Dónde está el %place?	Où se trouvent les %place ?	Dov'è il %place?	Onde é a %place?	請告訴我%place怎麼走？	%placeอยู่ที่ไหน	%place nerede?	請告訴我%place怎麼走？	أين ال%place؟	Gdzie jest %place?	Πού είναι το %place;	%place di mana?	Var är %place?	%place 어디입니까? 	Hol van a %place?	Kde je %place?	Hvor er %place?	Missä %place on?	Unde este %place?	Hvor er %place?	Kde je %place?	Где %place?	Waar is het %place?	%place所在哪里？	Where is %place?	Where is %place?	Where is %place?	Where is %place?	¿Dónde está el %place?	Où se trouvent les %place ?	Onde é a %place?	Waar is het %place?	Transportation
%placeへのいきかたをおしえてください	Könnten Sie mir den Weg zur %place zeigen?	How can I get to %place?	¿Podrías decirme el camino al cuarto de %place?	Pouvez-vous m'indiquer où se trouvent les %place ?	Mi potresti dire dove si trova il %place?	Pode dizer-me onde fica a %place?	我想去%place、能告訴我怎樣走?	คุณช่วยบอกทางไป%placeหน่อยได้ไหม	Bana %place yolunu söyler misin?	我想去%place、能告訴我怎樣走?	هل يمكنك أن تخبرني عن الطريق إلى ال%place؟	Czy możesz pokazać mi drogę do %place?	Μπορείτε να μου πείτε πώς θα πάω στο %place;	%place-nya di mana?	Hur hittar jag till %place?	%place 가는 길을 알려주시겠어요? 	Megmutatná, hol van a %place?	Můžete mi říct, jak se dostanu na %place?	Kan du fortælle mig hvordan jeg finder %place?	Kertoisitko minulle, missä %place on?	Poţi să-mi arăţi unde este %place?	Kan du fortelle meg hvor %place er?	Povieš mi, prosím ťa, kde je %place?	Скажите, как пройти в %place?	Waar zou ik het %place kunnen vinden?	能告诉我%place所在哪里吗？	How can I get to %place?	How can I get to %place?	How can I get to %place?	How can I get to %place?	¿Podrías decirme el camino al cuarto de %place?	Pouvez-vous m'indiquer où se trouvent les %place ?	Pode dizer-me onde fica a %place?	Waar zou ik het %place kunnen vinden?	Transportation
これは、ニューヨークいきですか?	Fährt der nach New York?	Is this for New York?	¿Esto es para Nueva York?	Va-t-on à New York ?	Questo va a New York?	Este vai para Nova Iorque?	這是往紐約的嗎？	อันนี้สำหรับนิวยอร์ค?	Bu New York için mi?	這是往紐約的嗎？	هل هذه لمدينة نيويورك؟	Czy to dla Nowego Jorku?	Πηγαίνει στη Νέα Υόρκη;	Ini ke New York?	Är det här för New York?	뉴욕으로 갑니까?	Ez New Yorkba megy?	Jede toto do New Yorku?	Går det her til New York?	Meneekö tämä New Yorkiin?	Merge la New York?	Er dette til New York?	Ide toto do New Yorku?	Это на Нью-Йорк?	Is dit voor New York?	这是“纽约”的意思吗？	Is this for New York?	Is this for New York?	Is this for New York?	Is this for New York?	¿Esto es para Nueva York?	Va-t-on à New York ?	Este vai para Nova Iorque?	Is dit voor New York?	Transportation
まどがわにしてください	Darf ich den Fensterplatz haben?	Can I have a window seat?	¿Puedo sentarme en el asiento cerca de la ventana?	Puis-je avoir un siège côté fenêtre ?	Posso avere un posto vicino al finestrino?	Posso ficam com um lugar de janela?	我可以要求靠窗座位嗎？	ขอที่นั่งติดริมหน้าต่างได้ไหม	Cam kenarı bir yer alabilir miyim?	我可以要求靠窗座位嗎？	هل يمكنني الحصول على مقعد بجوار النافذة؟	Czy mogę mieć miejsce przy oknie?	Μπορώ να έχω μία θέση στο παράθυρο;	Boleh saya duduk dekat jendela?	Kan jag få en fönsterplats?	창가쪽 자리로 주시겠어요?	Kaphatnék ablak melletti ülést?	Mohu sedět u okna?	Kan jeg få et vinduesæde?	Saisinko ikkunapaikan?	Pot să stau eu la geam?	Kan jeg få et vindussete?	Môžem sedieť pri okne?	Можно мне место у окна?	Zou ik een stoel aan het raam mogen hebben?	我能要一个靠窗的座位吗？	Can I have a window seat?	Can I have a window seat?	Can I have a window seat?	Can I have a window seat?	¿Puedo sentarme en el asiento cerca de la ventana?	Puis-je avoir un siège côté fenêtre ?	Posso ficam com um lugar de janela?	Zou ik een stoel aan het raam mogen hebben?	Transportation
つうろがわにしてください	Darf ich den Sitz am Gang haben?	Can I have an aisle seat?	¿Puedo sentar me en el asiento cerca del pasillo?	Puis-je avoir un siège côté couloir ?	Posso avere un posto vicino al corridoio?	Posso ficar com um lugar de coxia?	我可以要求靠走道座位嗎？	ขอที่นั่งติดริมทางเดินได้ไหม	Koridor bir yer alabilir miyim?	我可以要求靠走道座位嗎？	هل يمكنني الحصول على مقعد بجوار الممر؟	Czy mogę mieć miejsce przy przejściu?	Μπορώ να έχω μία θέση στο διάδρομο;	Boleh saya duduk di pinggir?	Kan jag få en gångplats?	통로쪽 자리로 주시겠어요?	Kaphatnék folyosó melletti ülést?	Mohu sedět u chodbičky?	Kan jeg få en gangplads?	Saisinko käytäväpaikan?	Pot să stau eu la culoar?	Kan jeg få et sete i midtgangen?	Môžem sedieť pri chodbe?	Можно мне место у прохода?	Zou ik een stoel aan het gangpad mogen hebben?	我能要一个靠过道的座位吗？	Can I have an aisle seat?	Can I have an aisle seat?	Can I have an aisle seat?	Can I have an aisle seat?	¿Puedo sentar me en el asiento cerca del pasillo?	Puis-je avoir un siège côté couloir ?	Posso ficar com um lugar de coxia?	Zou ik een stoel aan het gangpad mogen hebben?	Transportation
%vehicleは、いつ、しゅっぱつしますか?	Um wie viel Uhr fährt der %vehicle ab?	What time does the %vehicle leave?	¿A qué hora sale el %vehicle?	À quelle heure le %vehicle part-il ?	A che ora parte il %vehicle?	A que horas parte o %vehicle?	%vehicle什麼時候離開？	%vehicleออกเวลากี่โมง	%vehicle ne zaman kalkıyor?	%vehicle什麼時候離開？	ما هو موعد مغادرة ال%vehicle؟	O której godzinie odjeżdża %vehicle?	Τι ώρα φεύγει το %vehicle;	Kapan %vehicle berangkat?	Vilken tid åker %vehicle?	%vehicle 몇 시에 출발합니까?	Mikor megy a %vehicle?	V kolik hodin %vehicle odjíždí?	Hvornår kører %vehicle herfra?	Mihin aikaan %vehicle lähtee?	La ce oră pleacă %vehicle?	Når drar %vehicle?	O koľkej odchádza %vehicle?	Когда отправляется %vehicle?	Hoe laat vertrekt de %vehicle?	%vehicle什么时候离开？	What time does the %vehicle leave?	What time does the %vehicle leave?	What time does the %vehicle leave?	What time does the %vehicle leave?	¿A qué hora sale el %vehicle?	À quelle heure le %vehicle part-il ?	A que horas parte o %vehicle?	Hoe laat vertrekt de %vehicle?	Transportation
どのくらい、じかんがかかりますか?	Wie lange wird es dauern?	How long does it take?	¿Cuánto tiempo se tarda?	Combien de temps le trajet dure-t-il ?	Quanto ci mette?	Quanto tempo demora?	要花多久時間？	มันใช้เวลาเดินทางนานแค่ไหน	Ne kadar sürer?	要花多久時間？	ما المدة التي يستغرقها؟	Jak długo to potrwa?	Πόση ώρα κάνει;	Perlu berapa lama?	Hur lång tid tar det?	얼마나 걸리나요? 	Mennyi időbe telik?	Jak dlouho to trvá?	Hvor lang tid tager det?	Kuinka kauan siinä menee?	Cât durează?	Hvor lang tid tar det?	Koľko to trvá?	Сколько времени это займет?	Hoe lang doet hij er over?	这个要多久？	How long does it take?	How long does it take?	How long does it take?	How long does it take?	¿Cuánto tiempo se tarda?	Combien de temps le trajet dure-t-il ?	Quanto tempo demora?	Hoe lang doet hij er over?	Transportation
ここは、どこですか?	Wo bin ich?	Where am I?	¿Dónde estoy?	Où suis-je ?	Dove sono?	Onde é que eu estou?	我在哪裡？	ฉันอยู่ที่ไหน	Neredeyim?	我在哪裡？	أين أنا؟	Gdzie ja jestem?	Πού είμαι;	Di mana saya?	Var är jag?	여기가 어디예요?	Hol vagyok?	Kde jsem?	Hvor er jeg?	Missä minä olen?	Unde sunt?	Hvor er jeg?	Kde som?	Где я?	Waar ben ik?	我在哪里？	Where am I?	Where am I?	Where am I?	Where am I?	¿Dónde estoy?	Où suis-je ?	Onde é que eu estou?	Waar ben ik?	Transportation
みちにまよいました	Ich verstehe nicht.	I get lost.	Me pierdo.	Je suis perdu.	Mi sono perso.	Perdi-me.	我迷路了。	ฉันหลงทาง	Kaybolurum.	我迷路了。	لقد ضللت الطريق.	Zgubiłem się.	Χάθηκα.	Saya tersesat.	Jag är vilse.	길을 잃었어요. 	Eltévedtem.	Ztratil jsem se.	Jeg er faret vild.	Minä eksyn.	Mă rătăcesc.	Jeg roter meg bort.	Stratil som sa.	Я потерялся.	Ik raak verdwaald.	我迷路了。	I get lost.	I get lost.	I get lost.	I get lost.	Me pierdo.	Je suis perdu.	Perdi-me.	Ik raak verdwaald.	Transportation
おります	Ich steige aus.	I'm getting off.	Me voy a bajar.	Je voudrais descendre.	Sto scendendo.	Vou sair.	我正在下車。	ฉันลงตรงนี้	Kayboluyorum.	我正在下車。	إني أهبط.	Wysiadam.	Κατεβαίνω.	Saya pergi sekarang.	Jag ska gå av.	내립니다.	Leszállok.	Právě vystupuji.	Jeg stiger af.	Nousen pois.	Cobor.	Jeg drar av gårde.	Vystupujem.	Я выхожу.	Ik stap uit.	我要下车。	I'm getting off.	I'm getting off.	I'm getting off.	I'm getting off.	Me voy a bajar.	Je voudrais descendre.	Vou sair.	Ik stap uit.	Transportation
このじゅうしょまで、いってください	Bringen Sie mich bitte zu dieser Adresse.	Take me to this address, please.	Llévame a esta dirección, por favor.	Emmenez-moi à cette adresse, s'il vous plaît.	Portami a questo indirizzo, per favore.	Leve-me para esta morada, por favor.	請帶我去這個地址。	กรุณาพาฉันไปที่ที่อยู่นี้หน่อย	Lütfen beni bu adrese götürün.	請帶我去這個地址。	أوصلني إلى هذا العنوان، من فضلك.	Proszę mnie zawieźć pod ten adres.	Πηγαίντε με σε αυτήν τη διεύθυνση, παρακαλώ.	Tolong antar saya ke alamat ini.	Ta mig till den här adressen, tack.	이 주소로 데려다주세요. 	Vigyen el ide, legyen szíves.	Vezměte mě prosím na tuto adresu.	Tag mig venligst til den her adresse.	Veisitkö minut tähän osoitteeseen, kiitos.	Du-mă la această adresă, te rog.	Vennligst før meg til denne adressen.	Zavezte ma na túto adresu, prosím.	Отвезите меня по этому адресу, пожалуйста.	Breng mij naar dit adres alstublieft.	请带我去这个地址。	Take me to this address, please.	Take me to this address, please.	Take me to this address, please.	Take me to this address, please.	Llévame a esta dirección, por favor.	Emmenez-moi à cette adresse, s'il vous plaît.	Leve-me para esta morada, por favor.	Breng mij naar dit adres alstublieft.	Transportation
まって	Warten Sie.	Hold on, please.	Espere.	Attendez.	Aspetta.	Espere.	等一等。	รอก่อน	Bekle.	等一等。	انتظر.	Czekaj.	Περιμένετε.	Tunggu.	Vänta.	기다리세요.	Várjon.	Počkejte.	Vent.	Odota.	Aşteaptă.	Vent.	Počkajte.	Подождите.	Wacht even.	等一下。	Hold on, please.	Hold on, please.	Hold on, please.	Hold on, please.	Espere.	Attendez.	Espere.	Wacht even.	Transportation
えきについたら、おしえてください	Sagen Sie mir, wenn Sie zum Bahnhof kommen.	Let me know when you get to the station.	Avísame cuando llegues a la estación.	Faites-moi savoir quand vous arrivez à la gare.	Fammi sapere quando arrivi alla stazione.	Avise-me quando chegar à estação.	當你到達車站時請告知我。	บอกให้ฉันรู้ด้วยเมื่อคุณไปถึงสถานี	Ne zaman istasyona geleceğinizi bana bildirin.	當你到達車站時請告知我。	أخبرني عندما تصل إلى المحطة.	Proszę dać mi znać, kiedy dojedziemy do stacji.	Ειδοποιήστε με, μόλις φτάσετε στο σταθμό.	Kabarin ya kalo kamu dah sampe di stasiun.	Meddela mig när du kommit till stationen.	역에 도착하면 알려주세요. 	Szóljon, ha az állomásnál vagyunk.	Řekněte mi, až budeme na nádraží.	Sig når du ankommer ved stationen.	Ilmoita minulle, kun pääset asemalle.	Spune-mi când ajungi în staţie.	Gi beskjed når du er på stasjonen.	Daj mi vedieť, keď budete na stanici.	Сообщите мне, когда доберетесь до станции.	Laat het me weten als je aankomt op het station.	你到了车站后告诉我一声。	Let me know when you get to the station.	Let me know when you get to the station.	Let me know when you get to the station.	Let me know when you get to the station.	Avísame cuando llegues a la estación.	Faites-moi savoir quand vous arrivez à la gare.	Avise-me quando chegar à estação.	Laat het me weten als je aankomt op het station.	Transportation
きっぷは、どこでかえますか?	Wo kann ich eine Fahrkarte kaufen?	Where can I buy a ticket?	¿Dónde puedo comprar un boleto?	Où puis-je acheter un ticket.	Dove posso comprare un biglietto?	Onde posso comprar um bilhete	我在哪裡可以買到票？	ฉันสามารถซื้อตั๋วได้ที่ไหน	Nereden bilet alabilirim?	我在哪裡可以買到票？	من أين يمكنني أن ابتاع تذكرة؟	Gdzie mogę kupić bilet?	Πού μπορώ να αγοράσω εισιτήριο;	Beli tiketnya di mana?	Var kan jag köpa biljett?	어디에서 티켓을 구입할 수 있습니까? 	Hol vehetek jegyet?	Kde si mohu koupit jízdenku?	Hvor kan jeg købe en billet?	Mistä voin ostaa lipun?	De unde pot cumpăra un bilet?	Hvor kan jeg kjøpe billett?	Kde si môžem kúpiť lístok?	Где я могу купить билет?	Waar kan ik een kaartje kopen?	我在哪里可以买到票？	Where can I buy a ticket?	Where can I buy a ticket?	Where can I buy a ticket?	Where can I buy a ticket?	¿Dónde puedo comprar un boleto?	Où puis-je acheter un ticket.	Onde posso comprar um bilhete	Waar kan ik een kaartje kopen?	Transportation
ニューヨークにいきたいです	Ich möchte nach New York reisen.	I would like to go to New York.	Me gustaría ir a Nueva York.	Je voudrais aller à New York.	Vorrei andare a New York.	Gostaria de ir para Nova Iorque.	我想去紐約。	ฉันอยากไปนิวยอร์ค	New York'a gitmek istiyorum.	我想去紐約。	أود الذهاب إلى نيويورك.	Chcę pojechać do Nowego Jorku.	Θα ήθελα να πάω στη Νέα Υόρκη.	Saya mau ke New York.	Jag skulle vilja åka till New York.	뉴욕에 가고싶습니다.	Szeretnék New Yorkba menni.	Rád bych jel do New Yorku.	Jeg vil gerne til New York.	Haluaisin mennä New Yorkiin.	Aş vrea să merg la New York.	Jeg har lyst å dra til New York.	Chcel by som ísť do New Yorku.	Я бы хотел(а) отправиться в Нью-Йорк.	Ik zou graag naar New York willen gaan.	我想去纽约。	I would like to go to New York.	I would like to go to New York.	I would like to go to New York.	I would like to go to New York.	Me gustaría ir a Nueva York.	Je voudrais aller à New York.	Gostaria de ir para Nova Iorque.	Ik zou graag naar New York willen gaan.	Transportation
ニューヨークまでのきっぷをください	Ich hätte gerne eine einfache Fahrkarte von hier nach New York.	I would like one-way ticket from here to New York.	Me gustaría un billete de ida desde aquí hasta Nueva York.	Je voudrais un allez simple jusqu'à New York.	Vorrei un biglietto di solo andata da qui per New York.	Queria um bilhete de ida daqui para Nova Iorque.	我要從這裡到紐約的單程票。	ฉันอยากได้ตั๋วเที่ยวเดียวจากที่นี่ไปนิวยอร์ค	Buradan New york'a tek yön bir bilet istiyorum.	我要從這裡到紐約的單程票。	أود الحصول على تذكرة ذهاب من هنا إلى نيويورك.	Poproszę bilet w jedną stronę stąd do Nowego Jorku.	Θα ήθελα ένα απλό εισιτήριο από εδώ για τη Νέα Υόρκη.	Saya mau tiket sekali jalan dari sini ke New York.	Jag skulle vilja köpa en enkelbiljett härifrån till New York.	여기에서 뉴욕으로 가는 편도 티켓을 주세요. 	Szeretnék egy oda jegyet New Yorkba.	Chtěl bych jednoduchý lístek odsud do New Yorku.	Jeg vil gerne have en et-vejs billet fra her til New York.	Haluaisin menolipun täältä New Yorkiin.	Aş vrea un bilet dus la New York.	Jeg vil ha en enveisbillett herfra til New York.	Prosím si jednosmerný lístok odtiaľto do New Yorku.	Я бы хотел(а) билет в один конец отсюда до Нью-Йорка.	Ik zou graag een enkel ticket van hier naar New York willen hebben.	我想要一张到纽约的单程票。	I would like one-way ticket from here to New York.	I would like one-way ticket from here to New York.	I would like one-way ticket from here to New York.	I would like one-way ticket from here to New York.	Me gustaría un billete de ida desde aquí hasta Nueva York.	Je voudrais un allez simple jusqu'à New York.	Queria um bilhete de ida daqui para Nova Iorque.	Ik zou graag een enkel ticket van hier naar New York willen hebben.	Transportation
タクシーをよんでください	Würden Sie mir ein Taxi rufen?	Could you call me a taxi?	¿Podrías llamar a un taxi?	Pouvez-vous appeler un taxi ?	Potresti chiamarmi un taxi?	Pode chamar-me um táxi?	你可以幫我打電話叫部計程車嗎？	ช่วยเรียกแท็กซี่ให้หน่อยได้ไหม	Bana bir taksi çağırır mısınız?	你可以幫我打電話叫部計程車嗎？	هل يمكنك استدعاء سيارة تاكسي من أجلي؟	Czy możesz zadzwonić po taksówkę?	Μπορείτε να μου καλέσετε ταξί;	Tolong panggilkan taksi.	Kan du ringa efter en taxi åt mig?	택시를 불러주시겠습니까?	Hívna nekem egy taxit?	Můžete mi zavolat taxi?	Kan du bestille en taxi til mig?	Soittaisitko minulle taksin?	Poţi să-mi chemi un taxi?	Kan du ringe etter en taxi til meg?	Môžete mi zavolať taxík?	Вы вызовите мне такси?	Zou u mij een taxi willen bellen?	你能打电话给我叫辆出租车吗？	Could you call me a taxi?	Could you call me a taxi?	Could you call me a taxi?	Could you call me a taxi?	¿Podrías llamar a un taxi?	Pouvez-vous appeler un taxi ?	Pode chamar-me um táxi?	Zou u mij een taxi willen bellen?	Transportation
つぎの%vehicleはなんじですか?	Wann kommt der nächste %vehicle an?	When will the next %vehicle arrive?	¿Cuando llegará el próximo %vehicle?	A quelle heure le prochain %vehicle arrive-t-il ?	A che ora arriva il prossimo %vehicle?	Quando chega o próximo %vehicle?	下班%vehicle哪時候會到達？	%vehicleเที่ยวต่อไปจะมาถึงเมื่อไหร่	Bir sonraki %vehicle ne zaman gelecek?	下班%vehicle哪時候會到達？	متى سيصل ال%vehicle التالي؟	Kiedy przyjedzie następny %vehicle?	Πότε φτάνει το επόμενο %vehicle;	Kapan %vehicle berikutnya datang?	När kommer nästa %vehicle?	다음 %vehicle 언제 도착합니까? 	Mikor jön a következő %vehicle?	Kdy přijede příští %vehicle?	Hvornår ankommer det næste %vehicle?	Milloin seuraava %vehicle saapuu?	La ce oră ajunge %vehicle?	Når kommer det neste %vehicle?	Kedy ide ďalší %vehicle?	Когда прибудет следующий %vehicle?	Wanneer komt de volgende %vehicle aan?	下一班%vehicle什么时候到？	When will the next %vehicle arrive?	When will the next %vehicle arrive?	When will the next %vehicle arrive?	When will the next %vehicle arrive?	¿Cuando llegará el próximo %vehicle?	A quelle heure le prochain %vehicle arrive-t-il ?	Quando chega o próximo %vehicle?	Wanneer komt de volgende %vehicle aan?	Transportation
ニューヨークへいくには、どの%vehicleにのればいいですか?	Welchen %vehicle sollte ich nach New York nehmen?	Which %vehicle should I take to New York?	¿cuál %vehicle debería tomar para Nueva York?	Quel %vehicle devrais-je prendre pour New York ?	Quale %vehicle dovrei prendere per New York?	Qual é o %vehicle para Nova Iorque?	我應該搭哪班%vehicle到紐約？	ฉันควรขึ้น%vehicleขบวนไหนเพื่อไปนิวยอร์ค?	New York için hangi %vehicle binmeliyim?	我應該搭哪班%vehicle到紐約？	ما ال%vehicle الذي يجب أن استقله إلى نيويورك؟	Który %vehicle jedzie do New York?	Ποιο %vehicle πρέπει να πάρω για Νέα Υόρκη ;	%vehicle mana yang ke New York?	Vilket %vehicle ska jag ta till New York?	뉴욕으로 가려면 어느 %vehicle 타야합니까?	Melyik %vehicle mehetek New Yorkba?	Kterým %vehicle mám jet do New Yorku?	Hvilket %vehicle bør jeg tage til New York?	Mikä %vehicle menee New Yorkiin?	Ce %vehicle ar trebui să iau pentru New York?	Hvilket %vehicle bør jeg ta til New York?	Ktorým %vehicle sa dostanem do New Yorku?	На какой %vehicle мне сесть, чтобы добраться до Нью-Йорка?	Welke %vehicle moet ik nemen om naar New York te gaan?	到纽约去要坐哪趟%vehicle？	Which %vehicle should I take to New York?	Which %vehicle should I take to New York?	Which %vehicle should I take to New York?	Which %vehicle should I take to New York?	¿cuál %vehicle debería tomar para Nueva York?	Quel %vehicle devrais-je prendre pour New York ?	Qual é o %vehicle para Nova Iorque?	Welke %vehicle moet ik nemen om naar New York te gaan?	Transportation
いそいでいます	Ich bin in Eile.	I'm in a hurry.	Estoy en un apuro.	Je suis pressé.	Vado di fretta.	Estou com pressa.	我在趕時間。	ฉันกำลังรีบ	Acelem var.	我在趕時間。	إني على عجلة من أمري.	Śpieszy mi się.	Βιάζομαι.	Saya lagi buru-buru.	Jag har bråttom.	나는 서둘러야 합니다. 	Sietek.	Spěchám.	Jeg har travlt.	Minulla on kiire.	Mă grăbesc.	Jeg har dårlig tid.	Ponáhľam sa.	Я спешу.	Ik heb haast.	我在赶时间。	I'm in a hurry.	I'm in a hurry.	I'm in a hurry.	I'm in a hurry.	Estoy en un apuro.	Je suis pressé.	Estou com pressa.	Ik heb haast.	Transportation
よやくしたいのですが	Ich möchte gerne eine Reservierung machen.	I would like to make a reservation.	Me gustaría hacer una reservación.	Je voudrais faire une réservation.	Vorrei fare una prenotazione.	Gostaria de fazer uma reserva.	我想預約。	ฉันอยากทำการจอง	Bir rezervasyon yaptırmak istiyorum.	我想預約。	أود أن أقوم بعملية حجز.	Chcę dokonać rezerwacji.	Θα ήθελα να κάνω μία κράτηση.	Saya mau booking.	Jag skulle vilja göra en bokning.	예약을 하고 싶습니다. 	Szeretnék szobát foglalni.	Rád bych si udělal rezervaci.	Jeg vil godt lave en reservation.	Haluaisin tehdä varauksen.	Aş vrea să fac o rezervare.	Jeg vil gjerne gjøre en bestilling.	Chcel by som si rezervovať miesto.	Я бы хотел(а) сделать бронь.	Ik zou graag een reservering willen maken.	我想预约。	I would like to make a reservation.	I would like to make a reservation.	I would like to make a reservation.	I would like to make a reservation.	Me gustaría hacer una reservación.	Je voudrais faire une réservation.	Gostaria de fazer uma reserva.	Ik zou graag een reservering willen maken.	Hotel
こんや、とまれますか?	Haben Sie heute Nacht noch Zimmer frei?	Do you have any rooms available for tonight?	¿Tienes alguna habitación disponible para esta noche?	Avez-vous une chambre disponible pour la nuit ?	Avete stanze disponibili per stanotte?	Tem quartos disponíveis para hoje?	今天晚上還有空的房間嗎？	คุณมีห้องว่างสำหรับคืนนี้ไหม?	Bu akşam için odanız var mı?	今天晚上還有空的房間嗎？	هل لديكم أية غرف متاحة لليلة؟	Czy są wolne pokoje na dzisiaj?	Έχετε διαθέσιμα δωμάτια για απόψε;	Ada kamar kosong untuk malam ini?	Har ni några lediga rum ikväll?	오늘 밤에 사용할 수 있는 객실이 있습니까?	Van ma estére üres szobájuk?	Máte na dnešek nějaké volné pokoje?	Har i nogle værelser ledige til i aften?	Onko teillä vapaita huoneita täksi illaksi?	Aveţi vreo cameră disponibilă pentru noaptea aceasta?	Har du noen ledige rom i kveld?	Máte nejaké voľné izby na túto noc?	У вас есть свободные номера на сегодняшнюю ночь?	Heeft u nog kamers beschikbaar voor vanavond?	你们今晚有空房吗？	Do you have any rooms available for tonight?	Do you have any rooms available for tonight?	Do you have any rooms available for tonight?	Do you have any rooms available for tonight?	¿Tienes alguna habitación disponible para esta noche?	Avez-vous une chambre disponible pour la nuit ?	Tem quartos disponíveis para hoje?	Heeft u nog kamers beschikbaar voor vanavond?	Hotel
ねだんのやすいホテルをさがしています	Ich suche ein billiges Hotel.	I'm looking for a cheap hotel.	Estoy buscando un hotel barato.	Je recherche un hôtel bon marché.	Sto cercando un hotel economico.	Procuro um hotel barato.	我在找便宜旅館。	ฉันมองหาโรงแรมราคาถูก	Ucuz bir otel arıyorum.	我在找便宜旅館。	إنني أبحث عن فندق رخيص.	Szukam taniego hotelu.	Ψάχνω για ένα φθηνό ξενοδοχείο.	Saya cari hotel murah.	Jag letar efter ett billigt hotell.	저렴한 호텔을 찾고 있어요. 	Olcsó hotelt keresek.	Hledám levný hotel.	Jeg leder efter et billigt hotel.	Etsin halpaa hotellia.	Caut un hotel ieftin.	Jeg er ute etter et billig hotell.	Hľadám lacnejší hotel.	Я ищу недорогой отель.	Ik ben op zoek naar een goedkoop hotel.	我在找一间便宜的旅馆。	I'm looking for a cheap hotel.	I'm looking for a cheap hotel.	I'm looking for a cheap hotel.	I'm looking for a cheap hotel.	Estoy buscando un hotel barato.	Je recherche un hôtel bon marché.	Procuro um hotel barato.	Ik ben op zoek naar een goedkoop hotel.	Hotel
ねだんのやすいへやをさがしています	Ich hätte gerne ein billiges Zimmer.	I would like cheaper room.	Me gustaría una habitación más barata.	Je voudrais une chambre moins chère.	Vorrei una stanza più economica.	Queria um quarto mais barato.	我想要便宜一點的房間。	ฉันอยากได้ห้องที่ถูกกว่านี้	Daha ucuz bir oda istiyorum.	我想要便宜一點的房間。	أود أن أحصل على غرفة أرخص.	Chcę tańszy pokój.	Θα ήθελα πιο φθηνό δωμάτιο.	Saya mau kamar yang murah.	Jag skulle vilja ha ett billigare rum.	저렴한 방으로 부탁합니다. 	Olcsó szoba keresek.	Chtěl bych levnější pokoj.	jeg vil gerne have et billigere værelse.	Haluaisin halvemman huoneen.	Aş dori o cameră mai ieftină.	Jeg ønsker et billigere rom.	Chcel by som lacnejšiu izbu.	Я бы хотел(а) номер подешевле.	Ik zou graag een goedkopere kamer willen hebben.	我想要一间更便宜的房间。	I would like cheaper room.	I would like cheaper room.	I would like cheaper room.	I would like cheaper room.	Me gustaría una habitación más barata.	Je voudrais une chambre moins chère.	Queria um quarto mais barato.	Ik zou graag een goedkopere kamer willen hebben.	Hotel
ひとりべやがいいです	Ich hätte gerne ein Einzelzimmer.	I would like single room.	Me gustaría una habitación individual.	Je voudrais une chambre individuelle.	Vorrei una stanza singola.	Queria um quarto single.	我想要單人房。	ฉันอยากได้ห้องเดี่ยว	Tek kişilik oda istiyorum.	我想要單人房。	أود الحصول على غرفة فردية.	Chcę pokój jednoosobowy.	Θα ήθελα ένα μονό δωμάτιο.	Saya mau kamar single.	Jag skulle vilja ha ett enkelrum.	싱글룸으로 부탁합니다. 	Egyágyas szobát szeretnék.	Chtěl bych jednolůžkový pokoj.	Jeg vil gerne have et enkeltværelse.	Haluaisin yhden hengen huoneen.	Aş vrea o cameră single.	Jeg ønsker et enkeltrom.	Chcem izbu pre jedného, prosím.	Я бы хотел(а) одноместный номер.	Ik zou graag een eenpersoonskamer willen hebben.	我想要一间单间。	I would like single room.	I would like single room.	I would like single room.	I would like single room.	Me gustaría una habitación individual.	Je voudrais une chambre individuelle.	Queria um quarto single.	Ik zou graag een eenpersoonskamer willen hebben.	Hotel
シャワーつきのへやがいいです	Ich hätte gerne ein Einzelzimmer mit Bad.	I would like a single room with a bathroom.	Quisiera una habitación individual con un baño.	Je voudrais une chambre individuelle avec salle de bains.	Vorrei una stanza singola con bagno.	Queria um quarto single com banheira.	我想要附浴室的單人房。	ฉันอยากได้ห้องเดี่ยวพร้อมอ่างอาบน้ำ	Tek kişilik banyolu bir oda istiyorum.	我想要附浴室的單人房。	أود الحصول على غرفة فردية مع مرحاض.	Chcę pokój jednoosobowy z łazienką.	Θα ήθελα ένα μονό δωμάτιο με μπάνιο.	Saya mau kamar single dengan kamar mandi.	Jag skulle vilja ha ett enkelrum med bad.	욕조가 있는 싱글룸으로 부탁합니다. 	Egyágyas szobát szeretnék, fürdőszobával.	Chtěl bych jednolůžkový pokoj s koupelnou.	Jeg vil gerne have et enkeltværelse med bad.	Haluaisin yhden hengen huoneen kylpyammeella.	Aş vrea o cameră single cu baie.	Jeg ønsker et enkeltrom med bad.	Chcel by som izbu pre jedného s kúpeľňou, prosím.	Я бы хотел(а) одноместный номер с ванной.	Ik zou graag een eenpersoonskamer met bad willen hebben.	我想要一间配有浴缸的单间。	I would like a single room with a bathroom.	I would like a single room with a bathroom.	I would like a single room with a bathroom.	I would like a single room with a bathroom.	Quisiera una habitación individual con un baño.	Je voudrais une chambre individuelle avec salle de bains.	Queria um quarto single com banheira.	Ik zou graag een eenpersoonskamer met bad willen hebben.	Hotel
%numberにち、とまりたいです	Ich möchte %number Tage bleiben.	I would like to stay for %number days.	Me gustaría quedarme por %number días.	Je voudrais rester pendant %number jours.	Vorrei rimanere per %number giorni.	Queria ficar %number dias.	我想要待%number天。	ฉันอยากพักสัก%numberวัน	%number gün kalmak istiyorum.	我想要待%number天。	أود الإقامة لمدة أ %number أيام.	Chcę zatrzymać się na %number dni.	Θα ήθελα να μείνω %number μέρες.	Saya mau menginap selama %number hari.	Jag vill stanna %number dagar.	%number일 동안 숙박하기를 원합니다.	%number napot szeretnék maradni.	Chtěl bych zde zůstat %number dny.	Jeg vil gerne være her i %number dage.	Haluaisin viipyä %number päivää.	Aş vrea să rămân pentru %number zile.	Jeg ønsker å bli i %number dager.	Chcel by som zostať %number noci.	Я хочу остановиться на %number дня.	Ik zou graag %number dagen willen verblijven.	我想逗留%number天。	I would like to stay for %number days.	I would like to stay for %number days.	I would like to stay for %number days.	I would like to stay for %number days.	Me gustaría quedarme por %number días.	Je voudrais rester pendant %number jours.	Queria ficar %number dias.	Ik zou graag %number dagen willen verblijven.	Hotel
へやをみせてください	Könnten Sie mir das Zimmer zeigen?	Can you show the room?	¿Podrías mostrarme la habitación?	Pouvez-vous me montrer la chambre ?	Potresti mostrarmi la stanza?	Posso ver o quarto?	你可以告訴我房間怎麼走嗎？	ช่วยพาไปดูห้องหน่อยได้ไหม	Bana odayı gösterir misiniz?	你可以告訴我房間怎麼走嗎？	هل يمكنك أن تريني الغرفة؟	Czy mogę zobaczyć pokój?	Θα μπορούσατε να μου δείξετε το δωμάτιο;	Bisa tunjukkan di mana kamarnya?	Kan du visa mig rummet?	객실을 보여주실 수 있나요?	Megmutatná a szobát?	Můžete mi pokoj ukázat?	Vil du vise mig værelset?	Voisitko näyttää huoneen?	Îmi puteţi arăta camera?	Kan du vise meg rommet?	Môžete mi ukázať izbu, prosím?	Вы покажите номер?	Zou u mij de kamer kunnen laten zien?	你能让我看一下房间吗？	Can you show the room?	Can you show the room?	Can you show the room?	Can you show the room?	¿Podrías mostrarme la habitación?	Pouvez-vous me montrer la chambre ?	Posso ver o quarto?	Zou u mij de kamer kunnen laten zien?	Hotel
%numberじに、とうちゃくします	Ich werde um %number Uhr dort sein.	I'll be there at %number.	Estaré allí a las %number.	Je serai là à %number heures de l'après-midi.	Sarò lì alle %number.	Estarei lá às %number da tarde.	我%number點會在那裡。	ฉันจะไปถึงที่นั่นตอน%fourโมงเย็น	Saat %number orada olacağım.	我%number點會在那裡。	سأكون هناك في %number.	Będę o %number.	Θα είμαι εκεί στις %number.	Saya akan datang jam %number.	Jag anländer klockan %number.	나는 %number시에 거기에 있을거예요.	Ott leszek %number-kor.	Budu tam ve %number hodiny.	Jeg er der klokken %number.	Olen siellä %number ltä.	Voi fi acolo la %number.	Jeg kommer dit klokken %number.	Budem tam o %number.	Я буду там в %number часов.	Ik ben er om %number.	我会在%number点到那	I'll be there at %number.	I'll be there at %number.	I'll be there at %number.	I'll be there at %number.	Estaré allí a las %number.	Je serai là à %number heures de l'après-midi.	Estarei lá às %number da tarde.	Ik ben er om %number.	Hotel
%numberじに、おこしてください	Würden Sie mich um %number Uhr wecken?	Can you wake me up at %number?	¿Podrías despertarme a las %number?	Pouvez-vous me réveiller à %number heures du matin ?	Potresti venirmi a prendere alle %number?	Pode acordar-me às %number da manhã?	你可以早%number點叫我起床嗎？	คุณช่วยปลุกฉันตอน%number	Beni saat %number de alabilir misiniz?	你可以早%number點叫我起床嗎？	هل يمكنك إيقاظي في %number؟	Proszę mnie obudzić o %number.	Μπορείτε να με ξυπνήσετε στις %number;	Bisa bangunkan saya jam %number?	Kan ni väcka mig klockan %number?	%number시에 저 좀 깨워 주시겠어요? 	Felkeltene %number-kor?	Můžete mě vzbudit v %number?	Kan du vække mig klokken %number?	Voisitteko herättää minut %number ltä?	Poţi să mă trezeşti la %number?	Kan du vekke meg til %number?	Môžete ma zobudiť o %number, prosím?	Можете меня разбудить в %number часов?	Zou u mij om %number willen wekken?	你可以%number点叫醒我吗？	Can you wake me up at %number?	Can you wake me up at %number?	Can you wake me up at %number?	Can you wake me up at %number?	¿Podrías despertarme a las %number?	Pouvez-vous me réveiller à %number heures du matin ?	Pode acordar-me às %number da manhã?	Zou u mij om %number willen wekken?	Hotel
チェックアウトは、なんじですか?	Bis wann muss ich abreisen?	What time will we checkout?	¿A qué hora es la salida?	À quelle heure dois-je libérer la chambre ?	A che ora è il checkout?	A que horas é o checkout?	退房時間是幾點？	เช็คเอาท์เวลากี่โมง	Kontrol ne zaman?	退房時間是幾點？	ما هو وقت الخروج؟	O której jest wymeldowanie?	Ποια είναι η ώρα αναχώρησης;	Waktu checkout-nya kapan?	Vilken tid är utcheckningen?	체크 아웃은 몇 시입니까? 	Mikor kell elhagynom a szobát?	V kolik hodin mám opustit pokoj?	Hvornår skal der checkes ud?	Mihin aikaan täytyy kirjautua ulos?	La ce oră este check out-ul?	Når er utsjekkingstiden?	O koľkej sa odhlasuje?	Во сколько выписка?	Hoe laat moet ik uitchecken?	退房时间是什么时候？	What time will we checkout?	What time will we checkout?	What time will we checkout?	What time will we checkout?	¿A qué hora es la salida?	À quelle heure dois-je libérer la chambre ?	A que horas é o checkout?	Hoe laat moet ik uitchecken?	Hotel
おゆがでません	Es gibt kein heißes Wasser.	Hot water couldn't come out.	El agua caliente no salía.	Il n'y a pas d'eau chaude.	Non c'è l'acqua calda.	Não sai água quente.	熱水出不來。	ไม่มีน้ำร้อนออกมา	Sıcak su gelmedi.	熱水出不來。	لا توجد مياه ساخنة.	Nie mam ciepłej wody.	Δεν έχει ζεστό νερό.	Air panasnya enggak keluar.	Det kommer inget varmvatten.	더운 물이 나오지 않습니다. 	Nincs melegvíz.	Neteče teplá voda.	Der er intet varmt vand.	Lämmintä vettä ei tullut.	Nu există apă caldă.	Det kom ikke ut varmt vann.	Nešla mi teplá voda.	Нет горячей воды.	Er komt geen heet water uit.	没有热水出来。	Hot water couldn't come out.	Hot water couldn't come out.	Hot water couldn't come out.	Hot water couldn't come out.	El agua caliente no salía.	Il n'y a pas d'eau chaude.	Não sai água quente.	Er komt geen heet water uit.	Hotel
にもつをあずかってもらえますか?	Würden Sie mein Gepäck aufbewahren?	Can you keep my baggage?	¿guardarías mi equipaje?	Pouvez-vous garder mes bagages ?	Potresti tenere il mio bagaglio?	Pode guardar-me a bagagem?	你可以幫我看管行李嗎？	ช่วยเก็บกระเป๋าเดินทางไว้ให้ก่อนได้ไหม	Bagajımı tutar mısınız?	你可以幫我看管行李嗎？	هل يمكنك الاحتفاظ بحقائبي؟	Proszę przechować mój bagaż.	Μπορείτε να κρατήσετε τις αποσκευές μου;	Bisa simpan barang-barang aku ?	Kan ni förvara mitt bagage?	제 짐을 보관해 주시겠습니까?	Vigyázna a bőröndömre?	Mohu si zde nechat zavazadla?	Vil du holde mit baggage?	Säilyttäisittekö matkatavaroitani?	Poţi să-mi păstrezi bagajul?	Kan du bevare bagasjen min?	Postaráte sa mi o batožinu?	Можно у вас оставить багаж?	Zou u mijn bagage kunnen opslaan?	能帮我保存行李吗？	Can you keep my baggage?	Can you keep my baggage?	Can you keep my baggage?	Can you keep my baggage?	¿guardarías mi equipaje?	Pouvez-vous garder mes bagages ?	Pode guardar-me a bagagem?	Zou u mijn bagage kunnen opslaan?	Hotel
もういっぱく、とまれますか?	Ich möchte für eine Nacht bleiben.	I would like to stay one more night.	Me gustaría quedarme una noche más.	Je voudrais rester une nuit de plus.	Vorrei rimanere un'altra notte.	Queria ficar mais uma noite.	我想要再多住一晚。	ฉันอยากพักต่ออีกคืน	Bir gece daha kalmak istiyorum.	我想要再多住一晚。	أود البقاء لمدة ليلة أخرى.	Chcę zatrzymać się na jeszcze jedną noc.	Θα ήθελα να μείνω άλλο ένα βράδυ.	Saya mau menginap satu malam lagi.	Jag skulle vilja stanna en natt till.	하룻밤 더 숙박하고 싶습니다.	Szeretnék még egy napot maradni.	Chtěl bych tady zůstat ještě jednu noc.	Jeg vil gerne blive her en nat mere.	Haluaisin viipyä vielä yhden yön.	Aş vrea să mai rămân încă o noapte.	Jeg ønsker å bli en natt til.	Chcel by som tu zostať ešte jednu noc, prosím.	Я хочу остаться еще на одну ночь.	Ik zou graag nog een nacht willen verblijven.	我想再住一晚。	I would like to stay one more night.	I would like to stay one more night.	I would like to stay one more night.	I would like to stay one more night.	Me gustaría quedarme una noche más.	Je voudrais rester une nuit de plus.	Queria ficar mais uma noite.	Ik zou graag nog een nacht willen verblijven.	Hotel
ちかくで、おすすめのレストランをおしえてください	Könnten Sie ein schönes Restaurant in der Nähe empfehlen?	Could you recommend a nice restaurant around here?	¿Podrías recomendarme un buen restaurante cerca de aquí?	Pouvez-vous me recommander un bon restaurant à proximité ?	Potresti consigliarmi un buon ristorante nei dintorni?	Pode recomendar um bom restaurante aqui perto?	你能推薦一個附近不錯的餐廳嗎？	ช่วยแนะนำร้านอาหารดีๆใกล้นี้ได้ไหม	Bu yakınlarda güzel bir restoran tavsiye eder misiniz?	你能推薦一個附近不錯的餐廳嗎？	هل يمكنك أن توصي بمطعم قريب من هنا؟	Czy możesz mi polecić miła restauracja w pobliżu?	Μπορείτε να μου προτείνετε ένα καλό εστιατόριο εδώ κοντά;	Bisa kasi rekomendasi restoran bagus dekat sini?	Kan ni rekommendera en bra restaurang i närheten?	근처의 좋은 식당을 추천해 주시겠어요? 	Tudna ajánlani egy jó kis éttermet a közelben?	Můžete mi doporučit poblíž nějakou dobrou restauraci?	Kan du foreslå en god restaurant i nærheden?	Voisitko suositella hyvää ravintolaa lähistöllä?	Îmi poţi recomanda un restaurant drăguţ în apropiere?	Kan du anbefale en bra restaurant i nærheten?	Môžete mi odporučiť v blízkosti dobrú reštauráciu?	Вы можете порекомендовать хороший ресторан поблизости?	Zou u mij een goed restaurant in de buurt kunnen aanbevelen?	你能推荐一间附近的好餐馆吗？	Could you recommend a nice restaurant around here?	Could you recommend a nice restaurant around here?	Could you recommend a nice restaurant around here?	Could you recommend a nice restaurant around here?	¿Podrías recomendarme un buen restaurante cerca de aquí?	Pouvez-vous me recommander un bon restaurant à proximité ?	Pode recomendar um bom restaurante aqui perto?	Zou u mij een goed restaurant in de buurt kunnen aanbevelen?	Restaurant
じもとのひとに、にんきのレストランをおしえてください	Können Sie mir ein Restaurant, das bei den Einheimischen beliebt ist, empfehlen?	Could you recommend a restaurant that's popular with locals?	¿Podrías recomendarme un restaurante que sea popular entre los lugareños?	Pouvez-vous me recommander un restaurant populaire chez les gens du coin ?	Potresti consigliarmi un ristorante frequentato da persone del posto?	Pode recomendar um restaurante que seja procurado pelas pessoas daqui?	你能推薦一個深受當地人歡迎的餐廳嗎？	ช่วยแนะนำร้านอาหารดีๆที่คนที่นี่นิยมได้ไหม	Yerel yemekleriyle ünlü bir restoran tavsiye eder misiniz?	你能推薦一個深受當地人歡迎的餐廳嗎？	هل يمكنك أن توصي بمطعم مشهور لدى سكان المنطقة؟	Czy możesz mi polecić restaurację, która jest popularna wśród mieszkańców?	Μπορείτε να μου προτείνετε ένα εστιατόριο που πηγαίνουν οι ντόπιοι;	Bisa kasi rekomendasi restoran yang disukai penduduk sini?	Kan ni rekommendera en restaurang som är populär bland lokalborna?	지역 주민들에게 인기 있는 레스토랑을 추천해 주시겠습니까? 	Tudna ajánlani egy éttermet, amit szeretnek a helyiek?	Můžete mi doporučit restauraci, kam rádi chodí místní?	Kan du foreslå en restaurant der er populær blandt de lokale?	Voisitko suositella ravintolaa, josta paikalliset pitävät?	Îmi poţi recomanda un restaurant popular printre localnici?	Kan du anbefale en restaurant som de lokale liker?	Môžete mi odporučiť reštauráciu, ktorá je obľúbená u miestnych ľudí?	Вы можете порекомендовать ресторан, популярный среди местных жителей?	Zou u mij een restaurant kunnen aanbevelen dat populair is bij de lokale bevolking?	你能推荐一间当地人喜欢去的餐厅吗？	Could you recommend a restaurant that's popular with locals?	Could you recommend a restaurant that's popular with locals?	Could you recommend a restaurant that's popular with locals?	Could you recommend a restaurant that's popular with locals?	¿Podrías recomendarme un restaurante que sea popular entre los lugareños?	Pouvez-vous me recommander un restaurant populaire chez les gens du coin ?	Pode recomendar um restaurante que seja procurado pelas pessoas daqui?	Zou u mij een restaurant kunnen aanbevelen dat populair is bij de lokale bevolking?	Restaurant
メニューをください	Könnte ich die Speisekarte bekommen?	Can I have a menu?	¿Puedo tener un menú?	Pouvez-vous m'apporter la carte ?	Posso avere un menù?	Posso ver o menu?	可以給我菜單嗎？	ขอเมนูหน่อย	Bir menü alabilir miyim?	可以給我菜單嗎？	هل يمكنني الحصول على قائمة طعام؟	Mogę dostać menu?	Μπορώ να έχω τον κατάλογο;	Bisa minta menunya?	Kan jag få en meny?	메뉴 좀 주시겠어요?	Kérhetném a menüt?	Mohu dostat jídelní lístek?	Kan jeg få menukortet?	Saisinko ruokalistan?	Îmi poţi da un meniu?	Kan jeg få en meny?	Poprosím jedálny lístok.	Принесите, пожалуйста, меню.	Zou ik een menu mogen hebben?	我可以要一个菜单吗？	Can I have a menu?	Can I have a menu?	Can I have a menu?	Can I have a menu?	¿Puedo tener un menú?	Pouvez-vous m'apporter la carte ?	Posso ver o menu?	Zou ik een menu mogen hebben?	Restaurant
えいごのメニューは、ありますか?	Haben Sie eine Speisekarte in Englisch?	Do you have a menu in English?	¿Tienes un menú en Inglés?	Avez-vous une carte en anglais ?	Avete un menù in inglese?	Tem um menu em inglês?	你們有提供英語菜單嗎？	คุณมีเมนูภาษาอังกฤษไหม	İngilizce bir menü var mı?	你們有提供英語菜單嗎？	هل لديكم قائمة طعام باللغة الإنجليزية؟	Czy macie menu w języku angielskim?	Έχετε κατάλογο στα αγγλικά;	Ada menu bahasa Inggris?	Har ni engelsk meny?	영어로 된 메뉴가 있습니까?	Van angol nyelvű menüjük?	Mohu dostat jídelní lístek v angličtině?	Har i et menukort på engelsk?	Onko teillä englanninkielistä ruokalistaa?	Aveţi un meniu în engleză?	Har du en meny på engelsk?	Máte jedálny lístok v anglickom jazyku?	У вас есть меню на английском?	Heeft u een menu in het Engels?	你们有英语菜单吗？	Do you have a menu in English?	Do you have a menu in English?	Do you have a menu in English?	Do you have a menu in English?	¿Tienes un menú en Inglés?	Avez-vous une carte en anglais ?	Tem um menu em inglês?	Heeft u een menu in het Engels?	Restaurant
おすすめのりょうりは、どれですか?	Was ist Ihre Spezialität?	What's your speciality?	¿Cuál es tu especialidad?	Quelle est votre spécialité ?	Qual è la vostra specialità?	Qual é a vossa especialidade?	你們的招牌菜是什麼？	อาหารจานแนะนำคืออะไร	Özel yemeğiniz nedir?	你們的招牌菜是什麼？	ما هو اختصاصك؟	Jaka jest wasza specjalność?	Ποια είναι η σπεσιαλιτέ σας;	Yang khas di sini apa?	Vad är eran specialitet?	여기서 가장 잘하는 요리는 무엇인가요?	Mi a specialitásuk?	Jaká je vaše specialita?	Hvad er jeres specialitet?	Mikä on erikoisuutenne?	Care e specialitatea locului?	Hva er spesialiteten deres?	Čo je Vaša špecialita?	Какое у вас фирменное блюдо?	Wat is uw specialiteit?	你们的特色菜是什么？	What's your speciality?	What's your speciality?	What's your speciality?	What's your speciality?	¿Cuál es tu especialidad?	Quelle est votre spécialité ?	Qual é a vossa especialidade?	Wat is uw specialiteit?	Restaurant
めいぶつりょうりは、ありますか?	Haben Sie irgendwelche örtlichen Spezialitäten?	Do you have any local specialities?	¿Tienes algunas especialidades lugareñas?	Avez-vous une spécialité locale ?	Avete qualche specialità locale?	Tem algumas especialidades locais?	你們有提供什麼當地招牌菜嗎？	คุณมีอาหารท้องถิ่นที่เป็นที่แนะนำไหม	Yerel özel yemeğiniz var mı?	你們有提供什麼當地招牌菜嗎？	هل لديك أية تخصصات محلية؟	Czy macie jakieś lokalne specjalności?	Έχετε κάποια τοπική σπεσιαλιτέ;	Kamu punya menu khas lokal?	Har ni några lokala specialiteter?	지역 특산품이 있나요? 	Van valami helyi különlegességük?	Máte nějaké místní speciality?	Har i nogle lokale specialiteter?	Onko teillä paikallisia erikoisuuksia?	Aveţi specialităţi locale?	Har dere noen lokale spesialiteter?	Máte nejaké miestne špeciality?	У вас есть какие-нибудь местные фирменные блюда?	Heeft u lokale specialiteiten?	你们有什么地方特色菜？	Do you have any local specialities?	Do you have any local specialities?	Do you have any local specialities?	Do you have any local specialities?	¿Tienes algunas especialidades lugareñas?	Avez-vous une spécialité locale ?	Tem algumas especialidades locais?	Heeft u lokale specialiteiten?	Restaurant
あれとおなじりょうりをください	Kann ich das gleiche Gericht wie das bekommen?	Can I have the same dish as that?	¿Puedo tener ese mismo plato?	Puis-je avoir ce plat ?	Posso avere un piatto come quello?	Posso comer aquele prato também?	我可以要一份跟那個一樣的餐點嗎？	ขอแบบเดียวกันกับโต๊ะนั้นได้ไหม	Bununla aynı yemeği alabilir miyim?	我可以要一份跟那個一樣的餐點嗎？	هل يمكنني الحصول على نفس هذا الطبق؟	Poproszę o takie samo danie jak to.	Μπορώ να έχω το ίδιο πιάτο με εκείνο;	Bisa minta yang kayak gitu?	Kan jag få samma rätt som den där?	저것과 같은 요리를 주시겠어요?	Kérhetném ugyanazt?	Mohu dostat stejné jídlo jako tohle?	Kan jeg få den samme ret?	Saisinko tuon saman annoksen?	Pot avea acelaşi meniu precum cel de acolo?	Kan jeg få den samme retten?	Poprosím to isté jedlo ako tamto.	Можно мне такое же блюдо, как то?	Zou ik datzelfde gerecht mogen hebben?	我能要一份那个菜吗？	Can I have the same dish as that?	Can I have the same dish as that?	Can I have the same dish as that?	Can I have the same dish as that?	¿Puedo tener ese mismo plato?	Puis-je avoir ce plat ?	Posso comer aquele prato também?	Zou ik datzelfde gerecht mogen hebben?	Restaurant
おかんじょうをおねがいします	Rechnung bitte.	Check please.	La cuenta por favor.	L'addition, s'il vous plaît.	Il conto, per favore.	A conta por favor.	請給我帳單。	ช่วยคิดเงินด้วย	Hesap lütfen.	請給我帳單。	الفاتورة من فضلك.	Poproszę o rachunek.	Το λογαριασμό, παρακαλώ.	Tolong bonnya.	Notan, tack.	계산서 좀 주세요.	A számlát kérném.	Platit, prosím.	Jeg vil gerne bede om regningen.	Lasku, kiitos.	Nota, vă rog.	Kan jeg få regningen?	Účet, prosím.	Счет, пожалуйста.	Rekening alstublieft.	请结账。	Check please.	Check please.	Check please.	Check please.	La cuenta por favor.	L'addition, s'il vous plaît.	A conta por favor.	Rekening alstublieft.	Restaurant
おいしかったです	Es hat so gut geschmeckt.	It was so delicious.	Era tan delicioso.	C'était vraiment délicieux.	Era delizioso.	Estava delicioso.	真的很好吃。	อาหารอร่อยมาก	Çok lezzetliydi.	真的很好吃。	كان لذيذا جدا.	Było pyszne.	Ήταν πολύ νόστιμο.	Enak banget.	Det var jättegott.	정말 맛있었습니다. 	Nagyon finom volt.	Bylo to vynikající.	Det smagte rigtig godt.	Se oli niin herkullista.	A fost delicios.	Det var så deilig.	Bolo to chutné.	Было очень вкусно.	Het was heerlijk.	菜非常好吃。	It was so delicious.	It was so delicious.	It was so delicious.	It was so delicious.	Era tan delicioso.	C'était vraiment délicieux.	Estava delicioso.	Het was heerlijk.	Restaurant
%goodをあつかっていますか?	Haben Sie %good?	Do you have %good?	¿Tienes %good?	Puis-je avoir de %good ?	Avete dell' %good?	Tem %good?	有%good嗎？	คุณมี%goodไหม	%good var mı?	有%good嗎？	هل لديكم %good؟	Czy macie %good?	Έχετε %good;	Ada %good?	Har ni %good?	%good 있나요?	Van %good?	Nemáte %good?	Har I %good?	Onko teillä %good?	Aveţi %good?	Har dere %good?	Máte %good?	У вас есть %good?	Heeft u %good?	你们有没有%good？	Do you have %good?	Do you have %good?	Do you have %good?	Do you have %good?	¿Tienes %good?	Puis-je avoir de %good ?	Tem %good?	Heeft u %good?	Shopping
%goodをください	%good, bitte.	%good, please.	El %good, por favor.	De %good, s'il vous plaît.	%good, per favore.	%good, por favor.	請給我%good。	%goodโปรด	%good, lütfen.	請給我%good。	%good من فضلك.	Poproszę o %good.	%good, παρακαλώ.	Minta %good, dong.	%good, tack.	%good 좀 주세요.	%good szeretnék.	%good, prosím.	Jeg vil gerne bede om noget %good.	%good, kiitos.	%good, vă rog.	Kan jeg få %good?	%good, prosím.	%good, пожалуйста.	%good alstublieft.	%good就行。	%good, please.	%good, please.	%good, please.	%good, please.	El %good, por favor.	De %good, s'il vous plaît.	%good, por favor.	%good alstublieft.	Shopping
いくら?	Wie viel?	How much?	¿Cuánto cuesta?	Combien ça coûte ?	Quanto costa?	Quanto é?	多少錢？	เท่าไหร่	Ne kadar?	多少錢？	كم تتكلف؟	Ile to kosztuje?	Πόσο κοστίζει;	Berapa?	Hur mycket?	얼마입니까?	Mennyibe kerül?	Kolik?	Hvor meget koster den?	Kuinka paljon?	Cât costă?	Hvor mye?	Koľko?	Сколько?	Hoeveel?	价格多少？	How much?	How much?	How much?	How much?	¿Cuánto cuesta?	Combien ça coûte ?	Quanto é?	Hoeveel?	Shopping
みているだけです	Ich sehe mich nur um.	I'm just looking.	Sólo estoy mirando.	Je ne fais que regarder.	Sto solo dando un'occhiata.	Estou só a ver.	我只是隨便看看。	ฉันแค่เดินดูเล่นๆ	Şu an bakıyorum.	我只是隨便看看。	أنا انظر فقط.	Tylko patrzę.	Απλώς κοιτάω.	Saya cuma lihat-lihat aja.	Jag tittar bara.	그냥 보는 중입니다.	Csak nézelődöm.	Jen se dívám.	Jeg kigger bare.	Minä vain katselen.	Doar mă uit.	Jeg bare kikker.	Len sa pozerám.	Я просто смотрю.	Ik ben alleen aan het kijken	我只是随便看看。	I'm just looking.	I'm just looking.	I'm just looking.	I'm just looking.	Sólo estoy mirando.	Je ne fais que regarder.	Estou só a ver.	Ik ben alleen aan het kijken	Shopping
しちゃくしても、いいですか?	Kann ich das anprobieren?	May I try it on?	¿Puedo probarlo?	Puis-je l'essayer ?	Posso provarlo?	Posso experimentar?	我可以試穿嗎？	ขอลองใส่ดูได้ไหม	Deneyebilir miyim?	我可以試穿嗎？	هل يمكنني تجربته؟	Czy mogę przymierzyć?	Μπορώ να το δοκιμάσω;	Boleh saya coba?	Kan jag prova den här?	한 번 입어봐도 될까요?	Felpróbálhatom?	Mohu to vyzkoušet?	Må jeg prøve den?	Voinko sovittaa sitä?	Pot să o probez?	Kan jeg prøve den?	Môžem si to vyskúšať?	Можно это примерить?	Zou ik het aan mogen passen?	我可以试穿吗？	May I try it on?	May I try it on?	May I try it on?	May I try it on?	¿Puedo probarlo?	Puis-je l'essayer ?	Posso experimentar?	Zou ik het aan mogen passen?	Shopping
とても、きにいりました	Ich mag es.	I love it.	Me encanta.	Je l'aime beaucoup.	Lo adoro.	Adoro.	我喜歡。	ฉันชอบมันมาก	Severim.	我喜歡。	يعجبني.	Kocham to.	Μου αρέσει.	Saya suka.	Jag älskar den.	마음에 들어요	Tetszik.	Líbí se mi to.	Jeg elsker den.	Rakastan sitä.	O ador.	Jeg elsker den.	Páči sa mi to.	Мне нравится.	Ik vind het geweldig.	我喜欢这个。	I love it.	I love it.	I love it.	I love it.	Me encanta.	Je l'aime beaucoup.	Adoro.	Ik vind het geweldig.	Shopping
まけてください	Können Sie mir ein gutes Angebot machen?	Can you give me a discount?	¿Podrías darme una buena oferta?	Pouvez-vous me donner un bon prix ?	Potresti farmi una buona offerta?	Pode fazer-me um desconto?	算我便宜一點啦。	คุณลดราคาอีกได้ไหม	Bana iyi bir fiyat verir misiniz?	算我便宜一點啦。	هل يمكنك أن تعطيني سعرا جيدا؟	Chcę dobrą ofertę.	Μπορείτε να μου κάνετε μια καλή προσφορά;	Bisa kasi diskon?	Kan ni ge mig en bra deal?	좋은 가격으로 주실 수 있나요?	Van valami jó ajánlata?	Mohli byste mi dát nějakou slevu?	Kan du give mig en god pris?	Pystytkö antamaan alennusta?	Putem negocia?	Kan du gi meg en god deal?	Môžete mi spraviť zľavu, prosím?	Вы сделаете мне скидку?	Zou u mij een goede aanbieding kunnen geven?	能给我打个折吗？	Can you give me a discount?	Can you give me a discount?	Can you give me a discount?	Can you give me a discount?	¿Podrías darme una buena oferta?	Pouvez-vous me donner un bon prix ?	Pode fazer-me um desconto?	Zou u mij een goede aanbieding kunnen geven?	Shopping
これにします	Ich nehme es.	I'll take it.	Me lo llevo.	Je le prends.	Lo compro.	Vou levar.	我買了。	ฉันเอาชิ้นนี้	Alacağım.	我買了。	سآخذه.	Wezmę to.	Θα το πάρω.	Saya beli deh.	Jag tar den.	이걸로 살게요.	Megveszem!	Beru to.	Jeg tager den.	Otan sen.	O cumpăr.	Den tar jeg.	Zoberiem si to.	Я это возьму.	Ik neem het.	我要买这个。	I'll take it.	I'll take it.	I'll take it.	I'll take it.	Me lo llevo.	Je le prends.	Vou levar.	Ik neem het.	Shopping
クレジットカードはつかえますか?	Akzeptieren Sie Kreditkarten?	Do you take a credit card?	¿Aceptas tarjeta de crédito?	Acceptez-vous les cartes de crédit ?	Accettate carte di credito?	Aceita cartões de crédito?	你們接受信用卡嗎？	คุณรับบัตรเครดิตไหม	Kredi kartı geçerli mi?	你們接受信用卡嗎？	هل تقبل الدفع ببطاقة الأتمان؟	Czy akceptujecie karty kredytowe?	Δέχεστε πιστωτικές κάρτες;	Terima kartu kredit?	Tar ni kreditkort?	신용카드 되나요?	Elfogadnak hitelkártyát?	Berete kreditní karty?	Tager i kreditkort?	Käykö teille luottokortti?	Acceptaţi cărţi de credit?	Tar dere kredittkort?	Beriete aj kreditné karty?	Вы принимаете кредитные карты?	Accepteert u een creditcard?	你们接受信用卡付款吗？	Do you take a credit card?	Do you take a credit card?	Do you take a credit card?	Do you take a credit card?	¿Aceptas tarjeta de crédito?	Acceptez-vous les cartes de crédit ?	Aceita cartões de crédito?	Accepteert u een creditcard?	Shopping
なんじに、ひらきますか?	Um wie viel Uhr öffnen Sie?	What time do you open?	¿A qué hora abren?	À quelle heure ouvrez-vous ?	A che ora aprite?	A que horas abre?	你們什麼時候營業？	ร้านคุณเปิดกี่โมง	Ne zaman açarsınız?	你們什麼時候營業？	ما الوقت الذي تفتح فيه؟	O której otwieracie?	Τι ώρα ανοίγετε;	Kapan kamu buka?	Vilken tid öppnar ni?	몇시에 엽니까? 	Mikor nyitnak?	V kolik hodin otvíráte?	Hvornår åbner i?	Mihin aikaan avaatte?	La ce oră deschideţi?	Når åpner dere?	O koľkej otvárate?	Во сколько вы открываетесь?	Hoe laat gaat u open?	你们什么时候开始营业？	What time do you open?	What time do you open?	What time do you open?	What time do you open?	¿A qué hora abren?	À quelle heure ouvrez-vous ?	A que horas abre?	Hoe laat gaat u open?	Sightseeing
なんじに、しまりますか?	Um wie viel Uhr schließen Sie?	What time do you close?	¿A qué hora cierran?	À quelle heure fermez-vous ?	A che ora chiudete?	A que horas fecha?	你們什麼時候關門？	ร้านคุณปิดกี่โมง	Ne zaman kapatırsınız?	你們什麼時候關門？	ما الوقت الذي تغلق فيه؟	O której zamykacie?	Τι ώρα κλείνετε;	Kapan kamu tutup?	Vilken tid stänger ni?	몇시에 닫습니까? 	Mikor zárnak?	V kolik hodin zavíráte?	Hvornår lukker i?	Mihin aikaan suljette?	La ce oră închideţi?	Når stenger dere?	O koľkej zatvárate?	Во сколько вы закрываетесь?	Hoe laat sluit u?	你们什么时候停止营业？	What time do you close?	What time do you close?	What time do you close?	What time do you close?	¿A qué hora cierran?	À quelle heure fermez-vous ?	A que horas fecha?	Hoe laat sluit u?	Sightseeing
かんこうあんないじょは、どこですか?	Wo gibt es eine Touristeninformation?	Where is a tourist information center?	¿Dónde hay un centro de información turística?	Où puis-je trouver un centre d'information touristique ?	Dove si trova il centro informazioni per turisti?	Onde é o centro de informação de turismo?	旅遊諮詢中心在哪裡？	ศูนย์บริการนักท่องเที่ยวอยู่ที่ไหน	Turist bilgilendirme merkezi nerede?	旅遊諮詢中心在哪裡？	أين يوجد مركز معلومات السياح؟	Gdzie jest centrum informacji turystycznej?	Πού είναι το κέντρο τουριστικής πληροφόρησης;	Di mana pusat informasi turis?	Var finns ett turistinformationscenter?	관광 안내소는 어디입니까? 	Hol találok Tourinform irodát?	Kde je turistické informační středisko?	Hvor er der et turistinformations center?	Missä turistien informaatiopiste on?	Unde este oficiul de informare a turiştilor?	Hvor er turistinformasjonen?	Kde je turistické informačné centrum, prosím?	Где находится туристический информационный центр?	Waar kan ik het toeristeninformatiecentrum vinden?	旅游信息中心在哪里呢？	Where is a tourist information center?	Where is a tourist information center?	Where is a tourist information center?	Where is a tourist information center?	¿Dónde hay un centro de información turística?	Où puis-je trouver un centre d'information touristique ?	Onde é o centro de informação de turismo?	Waar kan ik het toeristeninformatiecentrum vinden?	Sightseeing
ちずは、ありますか?	Haben Sie eine Karte?	Do you have a map?	¿Tienes un mapa?	Avez-vous un plan ?	Hai una mappa?	Tem um mapa?	你有地圖嗎？	คุณมีแผนที่ไหม	Haritanız var mı?	你有地圖嗎？	هل لديك خريطة؟	Masz może mapę?	Έχετε έναν χάρτη;	Kamu punya peta?	Har ni en karta?	지도 있어요?	Van egy térképük?	Máte mapu?	Har i et kort?	Onko sinulla karttaa?	Aveţi o hartă?	Har dere et kart?	Máte mapu?	У вас есть карта?	Heeft u een kaart?	你有地图吗？	Do you have a map?	Do you have a map?	Do you have a map?	Do you have a map?	¿Tienes un mapa?	Avez-vous un plan ?	Tem um mapa?	Heeft u een kaart?	Sightseeing
たすけて!	Helfen Sie mir!	Help me!	¡Ayúdame!	Aidez-moi !	Aiutami!	Socorro!	幫幫我！	ช่วยด้วย!	Yardım edin!	幫幫我！	ساعدني!	Pomocy!	Βοηθήστε με!	Tolong saya!	Hjälp mig.	도와주세요! 	Segítsen!	Pomozte mi!	Hjælp mig!	Auta minua!	Ajutor!	Hjelp meg!	Pomôžte mi!	Помогите мне!	Help me!	帮帮我！	Help me!	Help me!	Help me!	Help me!	¡Ayúdame!	Aidez-moi !	Socorro!	Help me!	Trouble
けいさつをよんでください	Rufen Sie bitte die Polizei.	Please call the police.	Por favor, llame a la policía.	S'il vous plaît, appelez la police.	Per favore, chiama la polizia.	Por favor chame a polícia.	請打電話報警。	ช่วยเรียกตำรวจให้หน่อย	Lütfen polisi arayın.	請打電話報警。	من فضلك اتصل بالشرطة.	Proszę wezwać policję.	Καλέστε την αστυνομία, παρακαλώ.	Tolong panggilkan polisi.	Ring polisen.	경찰에 신고해주세요. 	Kérem, hívja a rendőrséget.	Zavolejte prosím policii.	Ring til politiet.	Soittaisitko poliisin.	Chemaţi, vă rog, poliţia.	Ring politiet.	Zavolajte políciu, prosím.	Пожалуйста, вызовите полицию.	Bel de politie alstublieft.	请打电话报警。	Please call the police.	Please call the police.	Please call the police.	Please call the police.	Por favor, llame a la policía.	S'il vous plaît, appelez la police.	Por favor chame a polícia.	Bel de politie alstublieft.	Trouble
さいふをぬすまれました	Mir wurde die Handtasche gestohlen.	I had my purse stolen.	me robaron mi bolso.	On m'a volé mon sac à mains.	Mi hanno rubato la borsa.	Roubaram-me a carteira.	我錢包被偷了。	กระเป๋าฉันถูกโขมย	Cüzdanım çalındı.	我錢包被偷了。	لقد سرقت محفظتي.	Skradziono mi portfel.	Μου έκλεψαν το πορτοφόλι.	Dompet saya dicuri.	Min väska blev stulen.	내 지갑을 도난 당했어요. 	Ellopták a táskám.	Ukradli mi peněženku.	Min pung er blevet stjålet.	Laukkuni varastettiin.	Mi-a fost furată geanta.	Noen stjal vesken min.	Ukradli mi peňaženku.	Мой кошелек украли.	Mijn tas is gestolen.	我的钱包被偷了。	I had my purse stolen.	I had my purse stolen.	I had my purse stolen.	I had my purse stolen.	me robaron mi bolso.	On m'a volé mon sac à mains.	Roubaram-me a carteira.	Mijn tas is gestolen.	Trouble
おなかがいたいです	Ich habe Bauchschmerzen.	I have a stomachache.	me duele el estómago.	J'ai mal à l'estomac.	Ho mal di pancia.	Dói-me a barriga.	我肚子痛。	ฉันปวดท้อง	Karnım ağrıyor.	我肚子痛。	عندي ألم بالمعدة.	Boli mnie brzuch.	Με πονάει το στομάχι μου.	Saya sakit perut.	Jag har ont i magen.	배가 아파요.	Gyomorfájásom van.	Bolí mě žaludek.	Jeg har mavesmerter.	Mahaani koskee.	Mă doare stomacul.	Jeg har vondt i magen.	Bolí ma brucho.	У меня болит живот.	Ik heb buikpijn.	我肚子痛。	I have a stomachache.	I have a stomachache.	I have a stomachache.	I have a stomachache.	me duele el estómago.	J'ai mal à l'estomac.	Dói-me a barriga.	Ik heb buikpijn.	Trouble
%bodyがいたいです	Mein %body tut weh.	My %body is aching.	Me duele la %body.	J'ai mal à la %body.	Mi fa male la %body.	Dói-me a %body.	我%body痛。	ฉันปวด%body	%bodyım ağrıyor.	我%body痛。	لدي آلام %body.	Boli mnie %head.	Με πονάει το %body μου.	%body saya sakit.	Jag har ont i %body.	%body 아파요.	Fáj a %body.	Bolí mě %body.	Jeg har %body pine.	%body täni särkee.	Mă doare %body.	Jeg har vondt i %body.	Bolí ma %body.	У меня %body боль.	Mijn %body doet zeer.	我%body疼。	My %body is aching.	My %body is aching.	My %body is aching.	My %body is aching.	Me duele la %body.	J'ai mal à la %body.	Dói-me a %body.	Mijn %body doet zeer.	Trouble
ほっといて	Lassen Sie mich in Ruhe.	Leave me alone.	Déjame en paz.	Laissez-moi tranquille.	Lasciami in pace.	Deixe-me em paz.	請勿打擾。	ให้ฉันอยู่คนเดียวเถอะ	Beniz yalnız bırakın.	請勿打擾。	دعني وشأني.	Zostaw mnie samego.	Αφήστε με.	Jangan ganggu saya.	Lämna mig i fred.	나를 그냥 내버려 두세요. 	Hagyjon békén!	Nechte mě být.	Lad mig være.	Jätä minut rauhaan.	Lasă-mă în pace.	La meg være i fred.	Nechajte ma samého.	Оставьте меня в покое.	Laat me met rust.	别再来烦我！	Leave me alone.	Leave me alone.	Leave me alone.	Leave me alone.	Déjame en paz.	Laissez-moi tranquille.	Deixe-me em paz.	Laat me met rust.	Trouble
さわらないで	Fassen Sie mich nicht an.	Don't touch me.	No me toque.	Ne me touchez pas.	Non mi toccare.	Não me toque.	不要碰我。	อย่าแตะต้องตัวฉัน	Bana dokunmayın.	不要碰我。	لا تلمسني.	Nie dotykaj mnie.	Μη με αγγίζετε.	Jangan sentuh saya.	Rör mig inte.	건드리지 마세요.	Ne érjen hozzám!	Nedotýkejte se mě.	Lad være med at røre mig.	Älä koske minuun.	Nu mă atinge.	Ikke ta på meg.	Nedotýkajte sa ma.	Не трогайте меня.	Raak me niet aan.	别碰我。	Don't touch me.	Don't touch me.	Don't touch me.	Don't touch me.	No me toque.	Ne me touchez pas.	Não me toque.	Raak me niet aan.	Trouble
